SYMBOL,SERIES,OPEN,HIGH,LOW,CLOSE,LAST,PREVCLOSE,TOTTRDQTY,TOTTRDVAL,TIMESTAMP,
AARTIDRUGS,EQ,14.05,14.25,14,14.25,14.25,14,500,7092.5,7-MAY-2001,
AARTIIND,EQ,31.05,31.05,30,31,31,31.05,1050,31602.5,7-MAY-2001,
ABANLLOYD,EQ,36.25,37.2,35.1,35.4,35.3,36.55,3923,142117.6,7-MAY-2001,
ABB,EQ,254,262,246,247.8,248,251.4,16604,4198662.9,7-MAY-2001,
ABBALPO,EQ,33,33,31.5,32.7,32.7,32.25,9863,318087.3,7-MAY-2001,
ABBOTTLAB,EQ,148,152,147.1,152,152,152.15,252,37177,7-MAY-2001,
ABSIND,EQ,22,22,21.5,21.5,21.5,21.65,315,6825,7-MAY-2001,
ACC,BE,143.5,143.5,143.25,143.4,143.4,140.5,200000,28677000,7-MAY-2001,
ACC,EQ,140.75,144.2,140.1,141.5,141,140,1979818,281884366.9,7-MAY-2001,
ADANIEXPO,EQ,276.15,282,276.15,277.5,278,279.95,14858,4137230.9,7-MAY-2001,
ADLABSFILM,EQ,58,60,57.2,58.65,58.75,56.15,7560,443265.9,7-MAY-2001,
ADVANIORLI,EQ,12.95,13,12.5,12.5,12.5,13.2,1491,18902.85,7-MAY-2001,
AEGISCHEM,EQ,8,8,7.55,7.55,7.55,8.7,110,875.5,7-MAY-2001,
AFTEKINFO,BE,175,184,174,179.55,181,164.25,10150,1814076.9,7-MAY-2001,
AGREVOIND,EQ,95.2,102,92.75,99,99,95.2,1080,104086.75,7-MAY-2001,
AGRODUTCH,EQ,25.9,26.95,25.15,25.15,25.15,26.7,2758,70700.2,7-MAY-2001,
AHMEDELEC,EQ,41.25,41.25,39,41.1,41.1,40.4,275,11279.3,7-MAY-2001,
AJANTPHARM,EQ,79.75,79.8,75.05,78.6,79.1,79.3,1040,80600.25,7-MAY-2001,
AKSHOPTFBR,EQ,103,104.5,99,100.9,100.85,103.5,118684,12107377.2,7-MAY-2001,
ALEMBICLTD,EQ,125.95,125.95,121,122,122,121.6,310,38142.5,7-MAY-2001,
ALFALAVAL,EQ,123.5,123.5,121,121.15,121,122.65,1106,134960.75,7-MAY-2001,
ALKYLAMINE,EQ,8,8,8,8,8,8.35,50,400,7-MAY-2001,
ALOKTEXT,EQ,11.2,11.6,11.1,11.15,11.15,11.35,11665,132004.25,7-MAY-2001,
ALPICFIN,EQ,12,12,11,11.55,11.55,12.25,4650,53727.5,7-MAY-2001,
ALPSINDUS,EQ,79,79,79,79,79,79,100,7900,7-MAY-2001,
AMARAJABAT,EQ,77.5,77.5,75.15,76.9,77,76.5,4834,369823.2,7-MAY-2001,
AMBASARABH,EQ,4.9,4.9,4.35,4.6,4.65,4.45,1638,7413.45,7-MAY-2001,
AMFORGEIND,EQ,3.5,3.5,2.6,3.25,3.25,2.85,35,92.55,7-MAY-2001,
AMTEKAUTO,EQ,367,369.5,365.5,365.55,365.5,367.45,27890,10262637.5,7-MAY-2001,
AMTREXAPPL,EQ,12.9,12.9,12.25,12.9,12.9,12.9,1550,19669,7-MAY-2001,
ANAMALFIN,EQ,5.9,5.9,5.9,5.9,5.9,5.5,1000,5900,7-MAY-2001,
ANDHRABANK,EQ,8.55,8.85,8.55,8.8,8.8,8.55,48575,422913.4,7-MAY-2001,
ANDHRAPET,EQ,3.3,4.5,3.3,4.4,4.5,3.75,47260,201757.45,7-MAY-2001,
ANDHRSUGAR,EQ,22.75,22.75,22.75,22.75,22.75,21.9,200,4550,7-MAY-2001,
ANTGRAPHIC,EQ,2.5,2.7,2.5,2.55,2.55,2.6,3500,9120,7-MAY-2001,
APCOTEXLAT,EQ,10.9,10.9,10.9,10.9,10.9,11.55,100,1090,7-MAY-2001,
APOLLOHOSP,EQ,109,115,109,111.25,111.7,109.6,9524,1061687.8,7-MAY-2001,
APOLLOTYRE,EQ,48.55,49.6,48.55,48.8,49,49,12479,612059.35,7-MAY-2001,
APOWERTOOL,EQ,0.5,0.55,0.45,0.45,0.55,0.45,20071,9777.05,7-MAY-2001,
APPAPER,EQ,42,42,41,41.2,41,40.55,310,12934.5,7-MAY-2001,
APPLECREDT,EQ,1.9,2.15,1.8,2.1,2.1,2,2700,5660,7-MAY-2001,
APPLEIND,EQ,1.35,1.4,1.3,1.3,1.3,1.35,2331,3171.85,7-MAY-2001,
APTECH,EQ,120,123.9,117.1,118.85,118.55,117.9,367389,44363662.8,7-MAY-2001,
ARCHIES,BE,72,73.5,66.75,69.55,69.05,72.3,959,66828.25,7-MAY-2001,
ARHAMFISCL,EQ,6,6.75,5.65,6.45,6.5,6,6509,39080.6,7-MAY-2001,
ARIHANTCRE,BE,7,7,6.5,6.55,6.55,6.8,4611,30601.55,7-MAY-2001,
ARIHANTRED,EQ,2.7,2.7,2.7,2.7,2.7,1.8,10,27,7-MAY-2001,
ARVINDMILL,EQ,7.55,8.1,7.55,8,7.95,7.55,77813,611326.1,7-MAY-2001,
ASAHIINDIA,EQ,294,294,286.1,290.4,286.1,300,206,59826.1,7-MAY-2001,
ASHIMASYN,EQ,31.05,31.05,31.05,31.05,31.05,30,5,155.25,7-MAY-2001,
ASHKLEYFIN,BE,29.35,30,29.05,30,30,30.05,1134,33515.5,7-MAY-2001,
ASHOKLEY,EQ,60.4,62,59.1,59.4,59.5,59.8,69845,4211714.15,7-MAY-2001,
ASIANELEC,EQ,19.5,21.7,18.9,19.35,18.9,19,7363,147242.15,7-MAY-2001,
ASIANHOTEL,EQ,97.5,98,97.05,98,98,97,1205,117225.25,7-MAY-2001,
ASIANPAINT,EQ,262,263.2,260.05,263,263.2,261.75,1900,497908.15,7-MAY-2001,
ASSAMCO,EQ,24,24,23.95,23.95,23.95,24.05,1250,29992.5,7-MAY-2001,
ASSAMFRONT,EQ,74.3,74.3,74.3,74.3,74.3,75,100,7430,7-MAY-2001,
ASTRAIDL,EQ,361,365,354.2,354.35,354.2,375,615,220224.5,7-MAY-2001,
ATCOIND,BE,24,24,22.3,22.45,23.4,23.2,766,17435.15,7-MAY-2001,
ATLASCOPCO,EQ,94.65,98.4,94,96.1,95.75,93.45,45965,4407157.75,7-MAY-2001,
ATLASCYCLE,EQ,52.5,54,52.5,53,53,52.5,411,22026,7-MAY-2001,
ATULPROD,EQ,11.9,13.4,11.9,13.15,13.4,12.95,1974,25456.75,7-MAY-2001,
AUROPHARMA,EQ,213.9,222,213.05,215.55,215,212.7,52815,11464525.15,7-MAY-2001,
AUTOAXLES,EQ,36,36.05,35.75,36.05,36.05,36,3963,142669.75,7-MAY-2001,
AUTORIDFIN,EQ,6,8.35,5.5,5.65,5.5,5.55,501,2908.35,7-MAY-2001,
AZTEC,EQ,68.9,73.85,66.6,69.7,67.05,69.1,30942,2180970.2,7-MAY-2001,
BAGYAMETAL,EQ,52.5,54.95,52.3,54.95,54.95,54.2,505,26449.75,7-MAY-2001,
BAJAJAUTO,EQ,233,234.8,227.1,231.15,230,229.95,65889,15233496,7-MAY-2001,
BAJAJHIND,EQ,66,66,63.05,63.05,63.05,68,141,9038.8,7-MAY-2001,
BAJAUTOFIN,EQ,29.2,29.5,28.8,28.8,28.8,28.5,2700,78110,7-MAY-2001,
BALAJIDIST,EQ,70,72,69,69.7,72,74.95,405,28220,7-MAY-2001,
BALAJITELE,EQ,129,132.65,126.5,132.65,132.65,122.8,76294,10092646.8,7-MAY-2001,
BALMLAWRIE,EQ,22.95,22.95,22.95,22.95,22.95,22.95,50,1147.5,7-MAY-2001,
BALRAMCHIN,EQ,88.9,88.9,86.5,87.5,87.9,87.45,8090,708952.3,7-MAY-2001,
BANARISUG,EQ,92,98,92,92,92,99.9,1960,185458.25,7-MAY-2001,
BANCOPROD,EQ,23.25,23.25,22.25,22.25,22.25,22.6,125,2806.25,7-MAY-2001,
BANKBARODA,EQ,54.95,56.35,54.1,56.05,56.35,53.9,103663,5736862.9,7-MAY-2001,
BANKINDIA,EQ,11.8,11.9,11.5,11.65,11.8,11.65,60019,703701.55,7-MAY-2001,
BANKPUNJAB,EQ,12.3,12.7,12.25,12.55,12.65,12.2,126383,1574127.2,7-MAY-2001,
BANKRAJAS,EQ,13.5,13.5,12.65,12.65,12.65,12.95,55294,713319.05,7-MAY-2001,
BASF,EQ,67.45,69,67.1,67.9,67.75,66.75,1899,128938.9,7-MAY-2001,
BATAINDIA,EQ,30.8,34.9,30.45,34.85,34.9,30.05,984955,32994431.2,7-MAY-2001,
BAUSCHLOMB,EQ,24.2,24.5,24.05,24.4,24.5,23.6,16674,405975.3,7-MAY-2001,
BAYER,EQ,374.7,374.7,360,366,365,369.55,315,116164.75,7-MAY-2001,
BBTC,EQ,46.75,46.75,46.75,46.75,46.75,46.75,150,7012.5,7-MAY-2001,
BEL,EQ,61.5,62,60.5,60.9,60.9,59.8,151162,9268079.3,7-MAY-2001,
BELCERAMIC,EQ,3.55,3.55,2.9,3.05,3.05,2.9,1638,4913.25,7-MAY-2001,
BELCONTROL,EQ,5.95,5.95,4.1,4.35,4.35,4.4,102,420.3,7-MAY-2001,
BEML,EQ,19.3,19.6,19.05,19.2,19.2,19.3,12603,243202.65,7-MAY-2001,
BERGEPAINT,EQ,89.85,89.85,88,89.55,89.6,88.1,1265,112128.25,7-MAY-2001,
BFLSOFTWAR,BE,160,165,156,156.8,156,155.2,540,86656,7-MAY-2001,
BGFL,BE,16.4,17.15,16.35,16.95,17.15,17.3,550,9082.15,7-MAY-2001,
BHARATFORG,EQ,57.8,58.5,56.75,58,58,55.85,17277,996977.6,7-MAY-2001,
BHARATHOT,EQ,22.1,22.1,21.1,21.1,21.1,22.9,480,10230.4,7-MAY-2001,
BHARATRAS,EQ,25.25,25.25,25.25,25.25,25.25,27,5,126.25,7-MAY-2001,
BHEL,EQ,156.95,159.75,155,157.05,156.9,155.05,175934,27710456.95,7-MAY-2001,
BHUSANSTL,EQ,19.3,20.75,19,20,20,18.8,7856,156587.45,7-MAY-2001,
BIL,EQ,29,29,29,29,29,28.65,150,4350,7-MAY-2001,
BILT,EQ,49.5,49.8,48.95,49.2,49.35,48.65,42907,2110883.9,7-MAY-2001,
BINANIZINC,EQ,42,42.5,41.55,41.7,42.5,42.2,1576,65840,7-MAY-2001,
BINDALAGRO,EQ,6.3,6.7,6.3,6.55,6.55,6.55,5871,38868.8,7-MAY-2001,
BIOFILCHEM,EQ,2.6,2.9,2.55,2.75,2.75,2.75,5123,14364.4,7-MAY-2001,
BIRLA3M,EQ,415,416,405,412.6,415,407.25,495,203217.5,7-MAY-2001,
BIRLAERIC,EQ,29.5,29.5,29,29.3,29.35,28.9,2355,68871.75,7-MAY-2001,
BIRLAJUTE,EQ,17.95,18.25,17.3,17.5,17.5,17.2,7429,131198.3,7-MAY-2001,
BIRLAYAMAH,EQ,14.25,15.6,14.1,14.6,14.25,17,3600,51964.6,7-MAY-2001,
BIRLCENFIN,EQ,9.2,10.65,9.2,10.1,10.1,8.65,10500,103335,7-MAY-2001,
BLBLIMITED,EQ,9.25,9.3,9.1,9.1,9.1,9,850,7805,7-MAY-2001,
BLOWPLAST,EQ,18.8,18.8,18.65,18.65,18.65,19,644,12094.7,7-MAY-2001,
BLUEDART,EQ,212,214.9,207.05,212,213.4,206.2,19648,4164475.35,7-MAY-2001,
BLUESTARCO,BE,35.5,36,35.05,35.75,35.75,35.5,4782,169668.2,7-MAY-2001,
BLUESTINFO,BE,36.1,37.5,35,36.1,36.1,36.05,1136,40941.45,7-MAY-2001,
BOMDYEING,EQ,36.8,40.5,36.75,40,40.15,35.8,289337,11370675.95,7-MAY-2001,
BONGAIREFN,EQ,6.15,6.2,6,6,6,6.15,63199,382118.85,7-MAY-2001,
BOOTSPHARM,EQ,305.95,306.5,302.7,306,306.5,303.4,905,276044.55,7-MAY-2001,
BPCL,EQ,200,204,199.15,200.95,200.1,199.65,124510,25121824.95,7-MAY-2001,
BPL,EQ,59.55,60.8,59.55,60.15,60.05,59.25,22309,1342533.9,7-MAY-2001,
BPLENGG,EQ,6.7,6.9,6.6,6.9,6.9,6.65,2799,19003.1,7-MAY-2001,
BPLREFRIG,EQ,2.65,2.65,2.2,2.2,2.2,2.3,1501,3707.65,7-MAY-2001,
BPLSANTECH,EQ,2.95,2.95,2.95,2.95,2.95,2.25,1,2.95,7-MAY-2001,
BRITANNIA,EQ,677,683.9,677,680.25,683,681.25,1230,837238.95,7-MAY-2001,
BSES,EQ,194.75,199.65,192,195.45,195.5,192.7,118232,23233747,7-MAY-2001,
BURRWELCOM,EQ,171.05,183.5,171.05,180.9,181,178.6,1333,242251.35,7-MAY-2001,
CABOTINDIA,EQ,97.5,98.05,97.5,97.6,97.6,97,412,40290.65,7-MAY-2001,
CADBURY,EQ,442,442,431.15,434.85,435,443.65,2026,883848,7-MAY-2001,
CADILAHC,EQ,99.45,100.05,98.1,98.6,98.1,97.9,47486,4704589.9,7-MAY-2001,
CANFINHOME,EQ,19.9,20.1,19.9,20,20,20.15,1400,27976.5,7-MAY-2001,
CAPRIHANS,EQ,9.15,9.5,9.15,9.5,9.5,10,390,3631.5,7-MAY-2001,
CARBEVFLOW,EQ,18,18.5,17.35,18.4,18.5,17.5,4941,89330.5,7-MAY-2001,
CARRIERAIR,EQ,57.5,58.7,55.6,57.1,56.7,56.35,44959,2565257.95,7-MAY-2001,
CASTROL,EQ,245,246,239.25,243,242.9,241.05,116367,28286095.05,7-MAY-2001,
CAUVERSOFT,BE,1.75,2.1,1.75,1.95,2,1.85,20900,40350,7-MAY-2001,
CCI,EQ,2.3,2.6,2.3,2.6,2.6,2.35,2400,6075,7-MAY-2001,
CEAT,EQ,18.5,19.45,18.45,18.9,19,18.35,20920,395795.45,7-MAY-2001,
CEATFIN,EQ,3.4,3.85,3.4,3.45,3.45,3.5,1852,6467.7,7-MAY-2001,
CENTAKCHEM,EQ,193.55,194.15,193.55,194.1,194.15,193.8,700,135755,7-MAY-2001,
CENTENKA,EQ,60,60,59.3,59.65,59.5,59.95,16257,971583.45,7-MAY-2001,
CENTURION,EQ,11.05,11.25,10.9,11,11,11,19485,214264.3,7-MAY-2001,
CENTURYTEX,EQ,37.9,38.65,37.5,37.85,37.9,36.85,288711,11014276.5,7-MAY-2001,
CESC,EQ,17.3,18.4,17,17.9,17.8,17.25,12907,228438.85,7-MAY-2001,
CGIGARSH,EQ,33.35,33.35,32,32,32,32.5,330,10727.5,7-MAY-2001,
CHAMBLFERT,BE,11.05,11.2,11.05,11.2,11.2,11,18301,203746.1,7-MAY-2001,
CHEMPLAST,EQ,17.3,19.25,17.3,18.5,18.5,17.5,169528,3261634,7-MAY-2001,
CHENNPETRO,EQ,30.35,30.35,29,29.15,29.1,30.15,57207,1685848.35,7-MAY-2001,
CHESLINTEX,EQ,6.3,6.6,6.3,6.6,6.6,6.7,300,1950,7-MAY-2001,
CHETNADCEM,EQ,56.5,56.5,52.8,53.6,53.6,56.3,2101,115504.05,7-MAY-2001,
CHLORIDIND,EQ,63.65,65,62.85,63.05,63,62.6,2480,157615.8,7-MAY-2001,
CHOLAINV,EQ,30.25,30.25,30,30,30,30.25,587,17719.25,7-MAY-2001,
CIBASPEC,EQ,48.5,50,48.5,48.5,48.5,50,145,7130.5,7-MAY-2001,
CIMCOBIRLA,EQ,3,4,3,3,3.4,2.8,1407,4223.15,7-MAY-2001,
CINEVISTA,EQ,41.35,43,41.35,41.9,41.8,41.3,3739,157661.4,7-MAY-2001,
CIPLA,EQ,1122,1125,1080,1094.5,1090.15,1108.55,23230,25584212.85,7-MAY-2001,
CITICORSEC,BE,144,147,140,142.4,141,140.5,6252,893583.6,7-MAY-2001,
CITURGIBIO,EQ,20.65,21.75,20.5,21.75,21.75,21.25,1550,32784.45,7-MAY-2001,
CLARIANT,EQ,72,72.4,67,67,67,69.75,1035,70210.5,7-MAY-2001,
CMC,EQ,260.95,261.95,255,257.35,258,252.4,9625,2483688.4,7-MAY-2001,
COATESIND,EQ,73.05,76,73.05,73.95,74.5,74.25,253,18664.6,7-MAY-2001,
COATVIYELA,EQ,17.5,18.3,17.3,18.05,18.05,17.95,36425,653515,7-MAY-2001,
COCHINREFN,EQ,42.5,43,42.25,42.3,42.3,42.5,15559,661762.3,7-MAY-2001,
COLGATE,EQ,184,184,178.9,179.15,179.05,179.8,41633,7539625,7-MAY-2001,
COLORCHEM,EQ,50,50,48.05,49,49,49.75,400,19640,7-MAY-2001,
COMPUDYNE,EQ,36.5,36.5,31.4,31.65,32,33.95,17586,568188.7,7-MAY-2001,
COMPUTECH,EQ,13.25,14,12.7,12.8,12.9,12.75,71226,931742.45,7-MAY-2001,
CONCOR,BE,140,150,139.5,140.65,139.5,145,177,24839,7-MAY-2001,
CONSCOFFEE,BE,53.3,53.3,53.3,53.3,53.3,63,50,2665,7-MAY-2001,
CONSCOFFEE,EQ,55,55,55,55,55,55,200,11000,7-MAY-2001,
COREPARENT,EQ,5.5,5.5,4,4.95,4.95,5.5,5949,29491.5,7-MAY-2001,
COROMNFERT,EQ,46.1,47.35,46.1,47.25,47.35,46.65,580,27303,7-MAY-2001,
CORPBANK,EQ,125,126.9,122.75,123.9,123,123,24337,3026031.3,7-MAY-2001,
COSMOFILMS,EQ,29,29.5,28.25,28.85,28.85,28.5,1030,29950,7-MAY-2001,
CREATIVEYE,EQ,16,16.05,15.6,15.9,15.95,15.75,5268,83472.4,7-MAY-2001,
CRESTCOMM,EQ,40.75,41.85,39.8,40.2,40.1,40.05,39577,1606976.2,7-MAY-2001,
CRISIL,EQ,115,118.9,114.3,114.75,114.6,110.7,1192,137498.15,7-MAY-2001,
CROMPGREAV,EQ,24.5,24.75,24.1,24.35,24.25,24.5,12055,294224.25,7-MAY-2001,
CUB,EQ,22.95,22.95,22,22.45,22.5,22.15,2421,53880.75,7-MAY-2001,
CYAGRO,EQ,25,25,25,25,25,25,250,6250,7-MAY-2001,
CYBERTECH,BE,15.5,15.85,15.05,15.35,15.4,16.25,10490,160844.8,7-MAY-2001,
D-LINK,EQ,264,280,264,280,280,264.95,207,56534.95,7-MAY-2001,
DABUR,EQ,71.5,71.55,69.1,69.3,69.1,70.5,21454,1500683.7,7-MAY-2001,
DALMIACEM,EQ,127,138.9,127,135,135,132,126,16467.15,7-MAY-2001,
DCLPOLY,EQ,1.2,1.25,1.15,1.2,1.15,1.15,271520,326272.55,7-MAY-2001,
DCM,EQ,6.35,6.35,5.9,6,6,6.1,1074,6412.95,7-MAY-2001,
DCMDAEWOO,EQ,4,4.3,3.9,3.9,3.9,3.9,4925,19702.5,7-MAY-2001,
DCMFINSERV,EQ,3,3,2.75,2.9,2.9,2.9,899,2662.25,7-MAY-2001,
DCMSRMCONS,EQ,61,61,60,60.25,61,60.6,623,37712.2,7-MAY-2001,
DCW,EQ,5,5.1,4.9,5.1,5.1,4.8,7986,40120.65,7-MAY-2001,
DECCANCEM,EQ,19.5,19.5,19,19.3,19.4,19.05,650,12405,7-MAY-2001,
DEEPAKFERT,EQ,15,15,14.5,14.9,14.9,14.95,4326,63999.65,7-MAY-2001,
DEEPAKNITR,EQ,23,23,23,23,23,23.6,500,11500,7-MAY-2001,
DENABANK,EQ,8.3,8.35,8.1,8.3,8.25,8.2,3500,28855,7-MAY-2001,
DEWANHOUS,EQ,17,17,17,17,17,17,150,2550,7-MAY-2001,
DGPWINDSOR,EQ,5.85,6,5.85,6,6,5.8,349,2086.2,7-MAY-2001,
DHAMPURSUG,EQ,11.35,12,11.3,11.65,11.65,12.5,610,7086,7-MAY-2001,
DHARSUGAR,EQ,2.95,2.95,2.95,2.95,2.95,3.05,100,295,7-MAY-2001,
DIGITALEQP,BE,529,534.1,525,528,528,441,25000,13251237.5,7-MAY-2001,
DIGITALEQP,EQ,514.95,534.95,514.95,528.2,527,512.95,2232650,1179702146.15,7-MAY-2001,
DLFCEMENT,EQ,5.3,5.5,5.3,5.4,5.4,5.3,15250,82224,7-MAY-2001,
DRBECK,EQ,43.05,43.05,43,43,43,46.2,350,15052.5,7-MAY-2001,
DRIND,BE,1.2,2.25,1.2,2.1,2.25,1.95,530,662,7-MAY-2001,
DRREDDY,EQ,1150,1158.25,1145.1,1152.05,1154.7,1137.1,14951,17213201.55,7-MAY-2001,
DUNCANSIND,EQ,16.1,16.1,14.5,14.5,14.5,15,40,596,7-MAY-2001,
DYNACONS,EQ,10.35,10.35,10,10,10,10.5,1182,12059.3,7-MAY-2001,
DYNAMATECH,EQ,16.5,16.6,15.35,16.6,16.6,16.15,4501,73696.6,7-MAY-2001,
EASTSILK,EQ,14.5,14.5,13.6,13.75,13.65,14.5,900,12440,7-MAY-2001,
EASUNREYRL,EQ,15,15.7,13.9,15.7,15.7,15.5,250,3539,7-MAY-2001,
EICHERLTD,EQ,10.75,10.75,10.5,10.5,10.5,10.55,1155,12150.25,7-MAY-2001,
EICHERMOT,EQ,22.5,22.5,21.5,21.9,21.9,21.85,3625,79499.5,7-MAY-2001,
EIDERTELE,BE,13.8,13.8,13.8,13.8,13.8,17.8,50,690,7-MAY-2001,
EIDPARRY,EQ,55,55.8,54.7,55.3,55.8,54.6,11369,629743.45,7-MAY-2001,
EIHOTEL,EQ,218,220,218,219.3,220,220.8,4291,941310.15,7-MAY-2001,
ELDERPHARM,EQ,26.05,27,25.8,26,26,26.55,1852,48299.05,7-MAY-2001,
ELECONENGG,EQ,15.25,15.25,15.25,15.25,15.25,15,6,91.5,7-MAY-2001,
ELECTCAST,BE,95,97,94,95.5,95.5,95,10660,1005142.5,7-MAY-2001,
ELGIEQUIP,EQ,10.65,10.7,10.4,10.5,10.5,10.5,820,8706.25,7-MAY-2001,
ELGITYRE,EQ,194,194,194,194,194,184.85,100,19400,7-MAY-2001,
EMCOTRANS,EQ,28.25,28.7,28.25,28.7,28.7,27.8,101,2853.7,7-MAY-2001,
EMERCK,EQ,431.1,435.35,422,423.6,423.6,428.3,914,392609.1,7-MAY-2001,
ENGINERSIN,EQ,96.5,97.95,92,94.95,94,94.95,5342,509562.9,7-MAY-2001,
ESABINDIA,EQ,54,54,53.15,53.35,53.25,53.55,1591,85374.25,7-MAY-2001,
ESCORTS,EQ,77.4,77.4,76.3,76.6,76.75,76.15,8878,682373,7-MAY-2001,
ESCORTSFIN,EQ,5.85,5.85,5.4,5.4,5.55,5.6,5560,30379.4,7-MAY-2001,
ESSARGUJ,BE,4.95,5.1,4.9,4.95,4.9,5.05,29898,148392.7,7-MAY-2001,
ESSAROIL,EQ,5.1,5.15,4.9,5,5.05,5,10502,52865.2,7-MAY-2001,
ESSARSHIP,EQ,9.2,9.4,8.9,8.95,9,9,64190,580241.05,7-MAY-2001,
ESSELPACK,EQ,159.15,172,159.15,168.75,171,164.3,7457,1263026.5,7-MAY-2001,
ETERNEVRST,EQ,18.95,18.95,18.5,18.5,18.5,17.6,1571,29277.3,7-MAY-2001,
EUPHARMLAB,EQ,5.2,5.2,4.6,4.65,4.6,4.85,10901,51524.3,7-MAY-2001,
EUROSOFTAL,EQ,1.8,1.8,1.65,1.75,1.75,1.6,2100,3550.1,7-MAY-2001,
EXCELIND,BE,43.5,47.8,43.5,46,46,44.25,3085,143648.5,7-MAY-2001,
FAGPRECISN,EQ,37.9,38.9,37.1,37.3,37.5,36.45,91965,3431568.25,7-MAY-2001,
FDC,EQ,209,209,206.6,206.6,206.6,206,100,20780,7-MAY-2001,
FEDERALBNK,BE,44.5,45.95,44.1,44.7,44.95,44.1,6010,270121,7-MAY-2001,
FINCABLES,EQ,173.95,179.75,173.95,178.45,178.5,172.85,9464,1682877.7,7-MAY-2001,
FINPIPE,EQ,22.45,22.55,22.05,22.45,22.55,22.2,100410,2242263.35,7-MAY-2001,
FIRSTLEASE,EQ,15.5,16,15.5,16,16,16,1600,25300,7-MAY-2001,
FLATPROD,EQ,21.6,22.75,21.1,22.5,22.5,21.6,5258,115132.4,7-MAY-2001,
FLEX,EQ,17.1,18,16.6,17.7,17.5,17.45,17301,303566.05,7-MAY-2001,
FLEXCHEM,EQ,62.9,62.9,62.25,62.25,62.25,59,201,12534.2,7-MAY-2001,
FLEXENGG,EQ,19.9,20.1,19.7,19.7,19.7,21.35,2705,53551,7-MAY-2001,
FLOATGLASS,EQ,5.75,5.9,5.5,5.9,5.9,6,1200,6936.25,7-MAY-2001,
FORBESGOK,EQ,40,40,40,40,40,40.85,515,20600,7-MAY-2001,
FOSECOIND,EQ,49.05,49.05,49,49,49,48.95,600,29420,7-MAY-2001,
FUJITSICIM,EQ,52.3,53.75,52.3,52.9,53.1,52.3,16301,868297.65,7-MAY-2001,
FULFORD,EQ,124,124.5,123,123,123,123.7,644,79378.7,7-MAY-2001,
GABRIEL,EQ,31,33.7,30.5,32.9,32.9,32.7,408,12733.4,7-MAY-2001,
GAEL,EQ,5.1,7.5,5.1,7.5,7.5,8.45,86,606.6,7-MAY-2001,
GAIL,BE,53,53,52.2,52.3,52.25,53.05,2617,137511.35,7-MAY-2001,
GALPOWTEL,EQ,3.2,4.1,3.2,4.05,4.05,4,1700,6810,7-MAY-2001,
GAMMONIND,EQ,102,103.9,102,103.9,103.9,101,109,11148.5,7-MAY-2001,
GANESHBENZ,EQ,4.85,4.85,4.2,4.35,4.35,4.3,602,2544.2,7-MAY-2001,
GARDENSILK,EQ,8.65,8.8,8.65,8.8,8.8,8.7,580,5046.5,7-MAY-2001,
GARWALLROP,EQ,14.5,15,14.5,14.85,15,14.45,2076,30574.5,7-MAY-2001,
GARWARPOLY,EQ,4.05,4.1,4.05,4.1,4.1,4.1,42,170.7,7-MAY-2001,
GECALSTHOM,EQ,17.45,18.5,17.05,17.3,17.3,17.05,2984,52656.2,7-MAY-2001,
GEOMETRIC,EQ,88.95,88.95,85.6,85.85,86.5,86.75,1335,115664.05,7-MAY-2001,
GEORGWILIM,EQ,85,86.9,85,86.8,86.8,84,225,19320,7-MAY-2001,
GERMANREM,EQ,450,450,436.25,438.5,439.25,441.35,10637,4676924.2,7-MAY-2001,
GESCOCORP,EQ,18,18.45,17.25,17.25,17.25,17.25,2780,49086.35,7-MAY-2001,
GESHIPPING,EQ,34,34.5,33,33.15,33.15,33.1,168397,5620818.3,7-MAY-2001,
GESTETNER,EQ,17.6,17.6,17.6,17.6,17.6,18.5,100,1760,7-MAY-2001,
GHCL,EQ,9.5,9.5,9.05,9.3,9.3,9.15,5499,50990.7,7-MAY-2001,
GICHSGFIN,EQ,8.15,8.2,8.15,8.2,8.2,8,300,2450,7-MAY-2001,
GINNIFILA,EQ,3.65,3.65,3.65,3.65,3.65,4,100,365,7-MAY-2001,
GIPCL,EQ,19.25,20,19.25,19.6,19.65,19.35,26450,519080,7-MAY-2001,
GKW,EQ,1.5,1.75,1.5,1.75,1.75,1.5,2810,4217.5,7-MAY-2001,
GLAXO,EQ,377,378,372.6,375.8,376,375.95,7577,2840955.4,7-MAY-2001,
GLENMARK,EQ,117,122,116.35,120.65,121.5,117,12806,1523297.2,7-MAY-2001,
GLFL,EQ,1.1,1.1,1.1,1.1,1.1,1.1,62,68.2,7-MAY-2001,
GLOBABOARD,EQ,0.7,0.7,0.7,0.7,0.7,0.7,100,70,7-MAY-2001,
GLOBALTELE,AE,207,207,207,207,207,208.95,500,103500,7-MAY-2001,
GLOBALTELE,EQ,198,212.95,198,207.05,204.65,196.05,10477463,2170664368.35,7-MAY-2001,
GLOBLTRUST,BE,27.75,28.2,27.6,28,28,27.6,37311,1042827.45,7-MAY-2001,
GMDCLTD,EQ,43.3,44.5,43,43.25,43.35,43.65,148828,6452918.75,7-MAY-2001,
GMRVASAVI,EQ,8.95,9.5,8,8.95,9.4,8.6,8315,73170,7-MAY-2001,
GNFC,EQ,22.8,23.1,22.7,22.8,22.8,22.5,37356,854373.45,7-MAY-2001,
GODAVRFERT,EQ,6.8,6.85,6.8,6.85,6.85,7,1500,10225,7-MAY-2001,
GODFRYPHLP,EQ,344.9,345,344.9,344.95,344.95,347.9,55,18973.65,7-MAY-2001,
GODREJFOOD,EQ,5.75,5.75,5.05,5.15,5.15,5.05,671,3408.75,7-MAY-2001,
GODREJINDS,EQ,18.5,19,17.65,17.8,17.65,18.15,29194,532515.45,7-MAY-2001,
GOETZEIND,EQ,17.6,17.9,17.5,17.85,17.85,17.75,1135,19993.6,7-MAY-2001,
GOLDTECH,EQ,37.9,39.8,37.15,37.65,37.5,37.4,34446,1315432.7,7-MAY-2001,
GONTERPEIP,EQ,16.5,16.5,16.5,16.5,16.5,13.75,100,1650,7-MAY-2001,
GOODLASNER,EQ,88.95,89.9,87.05,88,88,85,27235,2397368.2,7-MAY-2001,
GOODRICKE,EQ,35.25,36,35.25,36,36,38.1,150,5325,7-MAY-2001,
GOODYEAR,EQ,26.9,27.6,26.85,27.6,27.55,28.8,343,9380,7-MAY-2001,
GOVINRUBER,EQ,8.7,8.7,5.5,5.5,5.5,5.8,1201,6812.45,7-MAY-2001,
GRAMOPHONE,EQ,225,231.75,223.9,228.9,228.9,218.55,1967,446713.9,7-MAY-2001,
GRAPHIT,EQ,21.9,22.6,21.75,22.4,22.6,21,2125,47015,7-MAY-2001,
GRASIM,EQ,305,312,305,307.45,307.5,302.45,383729,118748021.6,7-MAY-2001,
GREAVES,EQ,7,7,7,7,7,7.15,1235,8645,7-MAY-2001,
GRINWELNOR,EQ,53.5,56,53,56,56,56.5,550,29500,7-MAY-2001,
GSFC,EQ,18.25,18.85,18.1,18.65,18.65,18.5,1438,26625.15,7-MAY-2001,
GTCIND,EQ,5.75,5.95,5.55,5.8,5.85,5.5,6710,39520.5,7-MAY-2001,
GTNTEXT,EQ,14.5,15,14.5,15,15,15,142,2095,7-MAY-2001,
GUJALKALI,EQ,16.5,16.55,16.5,16.55,16.55,17,399,6588.5,7-MAY-2001,
GUJAMBCEM,EQ,175,183.3,175,182.45,182,173.95,350003,62928808.4,7-MAY-2001,
GUJBOROSIL,EQ,1.6,1.6,1.6,1.6,1.6,2.85,10,16,7-MAY-2001,
GUJFLUORO,EQ,35.55,38,35.55,38,38,36,625,23111.25,7-MAY-2001,
GUJRATGAS,EQ,572.15,590,572.15,585.25,585.25,577.75,1188,692118.25,7-MAY-2001,
GUJSIDHCEM,EQ,4,4.15,4,4.1,4.1,4,5000,20420,7-MAY-2001,
GULFOIL,EQ,31.55,31.55,31,31.55,31.55,29.2,1750,54550,7-MAY-2001,
HARRMALAYA,EQ,8.4,8.75,8.25,8.75,8.75,8.15,2402,20256.75,7-MAY-2001,
HAVELLS,EQ,146,146,140,145.5,145.5,140.3,2951,427875.1,7-MAY-2001,
HBSTOCK,EQ,1.8,1.8,1.8,1.8,1.8,1.2,50,90,7-MAY-2001,
HCL-INSYS,EQ,82.85,88.5,82.85,86.3,86.15,83.7,104039,9023190.6,7-MAY-2001,
HCLTECH,EQ,406,447.85,406,435.9,435,411.3,1340707,581875220,7-MAY-2001,
HDFC,EQ,605,621,605,611.75,611,604.45,76371,46877328.25,7-MAY-2001,
HDFCBANK,EQ,233.95,238,232.05,237.45,237,232.2,59467,14026223.95,7-MAY-2001,
HEG,EQ,29,29.35,28.3,29.15,29.15,28.35,1176,34144.65,7-MAY-2001,
HERDILCHEM,EQ,9.9,9.9,9.9,9.9,9.9,10.5,100,990,7-MAY-2001,
HERITGFOOD,EQ,17.6,18,17.1,17.8,17.8,17.6,5300,93929,7-MAY-2001,
HEROHONDA,EQ,143.05,145,137.25,139.9,139.95,143.45,29345,4130465.05,7-MAY-2001,
HIKAL,EQ,87.25,87.25,87.25,87.25,87.25,81,50,4362.5,7-MAY-2001,
HIMACHLFUT,AE,170,170,170,170,170,151.1,500,85000,7-MAY-2001,
HIMACHLFUT,EQ,160.9,177.7,160.9,171.95,168.9,159.55,12171114,2073547052.45,7-MAY-2001,
HIMATSEIDE,EQ,91,91,89.15,90,90,91.9,4500,404994,7-MAY-2001,
HINDALC0,EQ,835,842,825.25,838.05,839,820.6,12525,10444493.05,7-MAY-2001,
HINDCONS,EQ,29,29.3,28,28.25,28.25,28.95,3700,104933.5,7-MAY-2001,
HINDINKS,EQ,310,318.95,310,315.1,315.1,305.65,546,172274.5,7-MAY-2001,
HINDLEVCHM,EQ,150,159.85,150,158.7,158.55,159.85,1761,279111.75,7-MAY-2001,
HINDLEVER,EQ,211,211.95,210.2,210.8,210.7,210.3,206062,43501625.1,7-MAY-2001,
HINDMOTOR,EQ,4.75,4.85,4.7,4.8,4.7,4.75,9061,43346.7,7-MAY-2001,
HINDOILEXP,EQ,9.9,9.95,9.75,9.95,9.95,10,8465,83536,7-MAY-2001,
HINDPETRO,EQ,173,176,167.8,171.7,171.3,171.35,98626,17007843.8,7-MAY-2001,
HINDSANIT,EQ,72,72,70,70.2,70,71.3,128,9029.3,7-MAY-2001,
HINDUJAFIN,EQ,65.5,66.7,62.8,64.45,65.3,64.3,900,58421.75,7-MAY-2001,
HINDZINC,EQ,19.4,19.75,19.25,19.35,19.25,19.4,24958,485519.95,7-MAY-2001,
HINPOWPLUS,EQ,14.4,17.8,14.4,17.1,17.1,14.75,19045,321117.4,7-MAY-2001,
HITECDRIL,BE,89.55,89.8,89.55,89.75,89.75,89.4,57377,5149190.8,7-MAY-2001,
HMT,EQ,6.75,6.75,5.3,6,6,5.35,1300,7161.3,7-MAY-2001,
HOCL,EQ,6.3,6.6,6.3,6.45,6.45,6.35,1800,11700,7-MAY-2001,
HOECHST,EQ,463,463,454.35,454.4,454.4,454,1055,485234.75,7-MAY-2001,
HOGANAS,EQ,97.75,98,97.75,98,98,97.5,878,85948.5,7-MAY-2001,
HOTELEELA,EQ,18.05,18.05,17.55,17.65,17.6,17.85,10987,194183.5,7-MAY-2001,
HOTLINGLAS,EQ,1.6,1.6,1.55,1.6,1.6,1.55,1025,1638.75,7-MAY-2001,
HUGHESSOFT,EQ,746.4,760,741.55,756.5,752.05,737.5,91545,68948860.7,7-MAY-2001,
HUGHESTELE,EQ,9.25,9.25,8.8,8.85,8.95,8.95,24695,220226.7,7-MAY-2001,
IBP,EQ,299,300.75,294.3,299,299,297.75,2771,828131.8,7-MAY-2001,
ICI,EQ,56.5,57,56,56.95,56.95,56.15,4116,233222.8,7-MAY-2001,
ICICI,EQ,89.5,90.05,87.4,88.05,88,87.25,191928,16998549.65,7-MAY-2001,
ICICI,N2,10650.05,10700,10650.05,10655.05,10655.05,10650,31,330953.7,7-MAY-2001,
ICICI,N3,10700,10700,10700,10700,10700,10600.1,1,10700,7-MAY-2001,
ICICIBANK,EQ,144.95,153.5,144.7,150.45,150.45,142.5,352519,53034033,7-MAY-2001,
IDBI,EQ,24.9,25.45,24.25,24.65,24.65,25.05,134867,3345073.55,7-MAY-2001,
IDBIBANK,EQ,20.25,20.4,20,20.1,20.1,20.2,42035,843981.6,7-MAY-2001,
IFBAGRO,EQ,2.9,2.9,2.9,2.9,2.9,2.85,1000,2900,7-MAY-2001,
IFCI,EQ,5,5.15,5,5.1,5.05,5.05,89391,453304.8,7-MAY-2001,
IFCI,N2,10550,10550,10550,10550,10550,10487.55,2,21100,7-MAY-2001,
IGPETRO,EQ,4.95,4.95,4.4,4.4,4.4,4.5,878,3889.2,7-MAY-2001,
INDAL,EQ,97.05,98,96.75,96.85,97,97.75,3751,365281.7,7-MAY-2001,
INDGYPSUM,EQ,23.8,24.55,23.8,24.5,24.5,25.85,1184,28950.2,7-MAY-2001,
INDHOTEL,EQ,244,248,244,245.1,244.8,244.5,7626,1876807.05,7-MAY-2001,
INDIACEM,EQ,40.5,41.35,40.1,40.65,40.7,39.95,244852,9989579.05,7-MAY-2001,
INDIAFOILS,EQ,7,7,7,7,7,6.9,180,1260,7-MAY-2001,
INDIAGLYCO,EQ,20.5,20.9,20.5,20.8,20.8,21,5300,109658.75,7-MAY-2001,
INDIANCARD,EQ,30.9,30.9,30.5,30.5,30.5,30.6,260,8008.75,7-MAY-2001,
INDIANORG,EQ,5.15,5.15,4.5,4.85,4.85,4.45,1052,5085.1,7-MAY-2001,
INDIAPHOTO,EQ,217.9,224,217.5,221.6,222.25,216.6,4686,1037036.65,7-MAY-2001,
INDNIPPON,EQ,189.05,195,189.05,190.05,190.05,189,710,137805.5,7-MAY-2001,
INDOGULF,EQ,38.4,39,38.35,38.6,38.7,37.95,240345,9318847.6,7-MAY-2001,
INDORAMSYN,BE,6.25,6.4,6.25,6.25,6.25,6.5,46757,292553.5,7-MAY-2001,
INDRAMEDCO,EQ,15.1,15.85,15.1,15.5,15.5,15.5,1800,27920,7-MAY-2001,
INDRAYON,EQ,80,84.9,80,83.9,83.75,83.25,8025,673325.65,7-MAY-2001,
INDSHAVING,EQ,398,409.9,391.3,401.55,400.5,381.6,14125,5692309.95,7-MAY-2001,
INDSWFTLAB,EQ,17.5,18.5,17.5,18.2,18.2,18.5,1225,21959.25,7-MAY-2001,
INDUSINDBK,BE,13.8,13.8,13,13.25,13.25,13.8,8800,117472,7-MAY-2001,
INFARINDIA,EQ,154,159,150.05,157.9,156.85,149.8,1710,267271.7,7-MAY-2001,
INFOSYSTCH,EQ,3850,4024.9,3850,3993.55,3989,3821.7,476682,1887910553.2,7-MAY-2001,
INFOTECENT,EQ,82.7,89.7,81.5,87.9,88.1,80.85,14793,1248391.9,7-MAY-2001,
INGERRAND,EQ,114.5,116,113.05,114.45,113.6,114.85,2485,285896.55,7-MAY-2001,
INSILCO,EQ,15.25,15.45,14.8,15.1,14.85,15.3,9020,135848.95,7-MAY-2001,
INTLTRAVHS,EQ,26.05,26.05,24,24.95,24.95,24.5,618,15069.45,7-MAY-2001,
INVELTRANS,EQ,12.35,12.35,11.6,11.9,11.9,12.05,50550,602297.5,7-MAY-2001,
INVESTCORP,EQ,86.9,87.35,86.9,87.05,87.35,85,150,13057.5,7-MAY-2001,
IOB,EQ,8.25,8.25,8.05,8.2,8.2,8.2,12900,105540,7-MAY-2001,
IOC,EQ,165,165,161.65,162.2,162,166.05,8421,1369606.65,7-MAY-2001,
IONEXCHANG,EQ,15.65,15.65,15.35,15.35,15.35,14.65,95,1471.75,7-MAY-2001,
IPCALAB,EQ,68.9,69.9,68.35,68.85,68.45,67.6,2680,184932.25,7-MAY-2001,
IPCL,EQ,52,54,52,53.35,53.5,52.95,263722,14117232.4,7-MAY-2001,
IPITATASPO,EQ,20.6,21,20.55,21,21,20.7,3052,63753.8,7-MAY-2001,
ISIBARS,EQ,3.7,3.7,2.9,3,3,2.95,1101,3263.7,7-MAY-2001,
IT&T,EQ,21,21,20.25,20.35,20.25,20.8,800,16402.5,7-MAY-2001,
ITC,EQ,830,843.5,830,835.45,836,830.8,95378,79735720.15,7-MAY-2001,
ITCAGRO,EQ,38.3,42,38.3,41.25,41.25,41,362,15128,7-MAY-2001,
ITCBHADRA,EQ,51.4,51.5,50.55,51.2,51.5,51.3,12316,627663.05,7-MAY-2001,
ITCHOTEL,EQ,73.75,73.75,68.2,69,69,69.75,251,17619.1,7-MAY-2001,
ITI,EQ,14.4,14.7,14.3,14.45,14.4,14.5,13396,193279,7-MAY-2001,
ITIL,EQ,46.75,48.95,46.75,48.9,48.95,45.3,1361,64956.7,7-MAY-2001,
ITWSIGNODE,BE,47,47,43.25,45.2,46.95,45.1,1874,85224.65,7-MAY-2001,
IVC,EQ,20,20,19,20,20,19.75,200,3950,7-MAY-2001,
IVRCLINFRA,EQ,62,62,58,58.6,58,57.7,2550,149855,7-MAY-2001,
J&KBANK,EQ,40.75,43.55,40.55,42.95,43.55,40.35,36034,1516451,7-MAY-2001,
JAGSNPHARM,EQ,364.35,420,364.35,367.3,367.3,396,1150,435366.5,7-MAY-2001,
JAICORPLTD,EQ,29.75,29.75,29.25,29.25,29.25,30.1,300,8875,7-MAY-2001,
JAINSTUDIO,EQ,40.8,41.45,40.25,40.65,40.5,40.45,4491,183598.1,7-MAY-2001,
JAYAGROGN,EQ,60.1,60.2,58.6,60,60,60.95,655,39200,7-MAY-2001,
JAYPEEHOT,EQ,11.75,11.75,11.05,11.05,11.05,11.15,4161,46146,7-MAY-2001,
JAYSREETEA,EQ,62.9,62.9,59.35,59.35,59.35,60,1624,99184,7-MAY-2001,
JAYSYNTDYE,EQ,2,3.4,2,2.1,2.1,3.45,401,868.4,7-MAY-2001,
JBCHEPHARM,EQ,80,80,75.5,77,77,77.75,380,29145,7-MAY-2001,
JCT,EQ,4,4.15,3.85,3.9,3.85,4.05,40879,161322.05,7-MAY-2001,
JCTELEC,EQ,3.9,4,3.85,4,4,3.9,2650,10447.5,7-MAY-2001,
JENSONICOL,EQ,7,7.05,7,7,7,6.8,1550,10850.5,7-MAY-2001,
JINDALFOTO,EQ,27.05,28.65,27.05,27.85,27.65,28,12251,342156.7,7-MAY-2001,
JINDALIRON,BE,11,11,10.35,10.35,10.35,10.6,3385,35457.5,7-MAY-2001,
JINDALSTEL,EQ,232,238.4,230.05,232.7,232.35,230.15,95501,22327879.65,7-MAY-2001,
JINDLSTRIP,BE,58.5,59.7,58.5,58.5,58.5,59,13841,818776.35,7-MAY-2001,
JINDVIJSTL,EQ,4.25,4.35,4.2,4.3,4.25,4.3,117731,504201.75,7-MAY-2001,
JKCORP,EQ,10.3,10.3,9.65,10.1,10.1,10.05,1030,10444.5,7-MAY-2001,
JKIND,EQ,18.25,18.3,17.75,18.1,18.1,17.7,1990,36020.5,7-MAY-2001,
JKPHARMA,EQ,2.5,2.5,2.45,2.45,2.45,2.5,1400,3495,7-MAY-2001,
JKUDYOG,EQ,2.1,2.35,2.1,2.35,2.35,1.55,5400,12015,7-MAY-2001,
JMCPROJECT,EQ,26.75,27.25,26.75,27.2,27.25,26.75,400,10837.5,7-MAY-2001,
JPIND,EQ,31.9,32.2,31.45,31.65,31.55,31.25,572783,18247104.05,7-MAY-2001,
JYOTISTRUC,EQ,25.5,26,25.5,26,26,26.15,203,5275.5,7-MAY-2001,
KAJARIACER,EQ,24.1,24.1,23.7,23.95,23.95,23.7,2205,52595.5,7-MAY-2001,
KAKATCEM,EQ,21.2,21.4,21,21,21,20.75,900,19085,7-MAY-2001,
KALECONSUL,EQ,43.75,44.35,42.05,42.55,42.5,42.6,68318,2957903.15,7-MAY-2001,
KALYANISTL,EQ,8.6,8.6,7.75,8,7.75,8.4,820,6586.2,7-MAY-2001,
KANORICHEM,EQ,22,22,22,22,22,21.1,100,2200,7-MAY-2001,
KARURVYSYA,BE,284,284,275.05,275.05,275.05,274.9,110,30792.5,7-MAY-2001,
KARURVYSYA,EQ,266.5,277.5,262,262.55,262.05,263.85,13150,3519930,7-MAY-2001,
KCP,EQ,15.05,18,15,18,18,15.2,1300,22207.5,7-MAY-2001,
KCPSUGIND,EQ,34.45,34.5,34.45,34.45,34.5,33,200,6895,7-MAY-2001,
KECINTL,EQ,11.2,11.55,11.2,11.4,11.45,11.2,3372,38223.1,7-MAY-2001,
KELVINATOR,EQ,18.05,18.5,17.95,18.1,18.15,18,17136,310599.15,7-MAY-2001,
KERALACHEM,EQ,11.8,11.85,11.8,11.85,11.85,10.5,350,4140,7-MAY-2001,
KESORAMIND,EQ,28.45,29.9,27.4,27.6,27.5,28.15,868291,24991722.3,7-MAY-2001,
KEYCORPSER,EQ,21.4,21.45,20,20,20,21.7,600,12715,7-MAY-2001,
KHAITANELE,EQ,11,11,11,11,11,13.65,850,9350,7-MAY-2001,
KHANDSE,EQ,38.8,38.8,38.8,38.8,38.8,36,100,3880,7-MAY-2001,
KINETICENG,EQ,70,71.75,68,71.75,71.75,66.5,787,56050.95,7-MAY-2001,
KINHONDA,EQ,45.05,50.15,45.05,49.85,49.85,46.4,1823,89995.75,7-MAY-2001,
KIRLOSFERR,EQ,2.6,2.75,2.6,2.75,2.75,2.55,703,1843,7-MAY-2001,
KIRLOSKCUM,EQ,60.5,60.5,58.75,58.9,58.75,60.3,8673,515480.85,7-MAY-2001,
KIRLOSOIL,EQ,35.7,35.7,34.7,34.7,34.75,34,462,16113.65,7-MAY-2001,
KITPLYIND,EQ,6.9,7,6.3,6.35,6.35,6.3,6273,39907.55,7-MAY-2001,
KLGSYSTEL,BE,37.4,37.5,35.2,36.5,37,35.45,5202,190985.5,7-MAY-2001,
KOPDRUGS,EQ,25.7,26.9,24.5,24.5,24.5,25.05,4520,114413.5,7-MAY-2001,
KOPRAN,EQ,48.05,49.8,47.55,47.8,47.85,49.15,20305,974627,7-MAY-2001,
KOTAKMAH,BE,54.25,55.05,54.25,54.85,55.05,54,2462,134834.5,7-MAY-2001,
KOTHARIPET,EQ,0.95,0.95,0.65,0.65,0.65,0.75,501,355.95,7-MAY-2001,
KOTHARIPRO,EQ,131.05,131.05,130,130,130,130.7,205,26855,7-MAY-2001,
KOTHARISUG,EQ,3.35,3.35,3.35,3.35,3.35,2.6,1,3.35,7-MAY-2001,
KPIT,EQ,24,24,23.1,23.1,23.1,23.4,360,8365,7-MAY-2001,
KREBSBIO,EQ,62.25,64,60.1,62.4,62.4,61.55,1834,114380.85,7-MAY-2001,
KRISHNAENG,EQ,2.9,2.9,2.9,2.9,2.9,2.8,1,2.9,7-MAY-2001,
KRONECOMM,EQ,96,101,96,100.15,99.8,96.15,8414,837769,7-MAY-2001,
KSBPUMPS,EQ,53.55,56.75,53.55,56.75,56.75,54,301,16682.1,7-MAY-2001,
KTKBANK,EQ,61.5,63.95,61.5,63.95,63.95,62.25,1076,67916.7,7-MAY-2001,
L&T,EQ,218.6,225,218.6,222.05,221.35,217.25,1613232,358660164.95,7-MAY-2001,
LAKHNNATNL,EQ,19.5,19.6,19.5,19.6,19.6,20,20,391.9,7-MAY-2001,
LAKME,EQ,66,67.85,65.9,67.1,67.15,65.7,5483,365868.6,7-MAY-2001,
LAKSHAUTO,EQ,18.35,18.35,18,18,18,18.35,800,14445,7-MAY-2001,
LAKSHMILL,BE,265,265,265,265,265,273,2,530,7-MAY-2001,
LAKSHMILL,EQ,265,265,265,265,265,280,100,26500,7-MAY-2001,
LAKSHVILAS,EQ,43.85,43.85,43.05,43.4,43.4,43.05,708,30767.4,7-MAY-2001,
LANCOIND,EQ,4.25,4.25,4.25,4.25,4.25,4.35,500,2125,7-MAY-2001,
LANESEDA,EQ,0.4,0.4,0.4,0.4,0.4,0.45,900,360,7-MAY-2001,
LAXMIMACH,EQ,710,738,710,711.35,738,750.1,26,18488,7-MAY-2001,
LCCINFOTEC,BE,14.5,14.5,13.7,13.85,13.7,13.4,3230,45468.5,7-MAY-2001,
LEADEDSYS,EQ,62,62.5,56,56.85,56.85,60,69186,4132226.55,7-MAY-2001,
LGBROS,EQ,29,29,28,28,28,30,300,8525,7-MAY-2001,
LIBERTSHOE,EQ,49,49,48,48,48,49.95,200,9700,7-MAY-2001,
LICHSGFIN,EQ,34.05,34.4,33.9,34,34.15,33.9,29228,997410.4,7-MAY-2001,
LLOYDELENG,EQ,5.85,5.85,4.85,5.55,5.75,5.75,1913,10647.5,7-MAY-2001,
LLOYDFIN,EQ,0.3,0.35,0.3,0.35,0.35,0.3,7501,2275.3,7-MAY-2001,
LLOYDSTEEL,EQ,1.15,1.15,1.1,1.15,1.15,1.1,6350,7117.5,7-MAY-2001,
LML,EQ,21.25,22.25,21,21.7,21.8,21.6,37157,812513.5,7-MAY-2001,
LUMAXIND,EQ,21.4,21.5,21.3,21.35,21.35,21.45,355,7592.25,7-MAY-2001,
LUPINCHEM,EQ,10.05,10.7,9.9,10.5,10.5,10.7,3450,35772.5,7-MAY-2001,
LUPINLAB,BE,82.65,84,81.25,81.85,82,81.75,9891,815278.25,7-MAY-2001,
LYKALABS,EQ,19,19.5,18.4,19.2,19.3,19,2647,50093.15,7-MAY-2001,
M&M,EQ,130,131.75,128.75,129.4,129.4,128.95,36136,4698882.1,7-MAY-2001,
MAARSOFTW,BE,18.55,19.5,18.1,18.5,18.85,19.2,15098,283073.45,7-MAY-2001,
MADRASALMN,EQ,70.5,70.6,70.5,70.6,70.6,66.7,70,4937,7-MAY-2001,
MADRASCEM,EQ,4375,4650,4375,4556.65,4551,4344.1,1264,5685329.55,7-MAY-2001,
MADRASFERT,EQ,6.5,6.5,6.5,6.5,6.5,6.4,50,325,7-MAY-2001,
MAFATLAIND,EQ,10.55,10.55,10.55,10.55,10.55,11,1,10.55,7-MAY-2001,
MAHAINTL,EQ,8.5,8.5,8,8.15,8.15,8.25,48387,394675.85,7-MAY-2001,
MAHAVIRSPG,EQ,46.75,47.3,46.65,47.3,47.3,46.8,6455,303243.25,7-MAY-2001,
MAHSCOOTER,EQ,19.4,20.7,19.4,20.55,20.7,20,1125,22530,7-MAY-2001,
MAHSEAMLES,EQ,33.2,34.45,32.25,32.55,32.25,32.5,4181,138565.5,7-MAY-2001,
MANALIPET,EQ,2.15,2.3,2.15,2.3,2.3,2.25,1150,2577.5,7-MAY-2001,
MANGLMCEM,EQ,6.75,6.75,6.3,6.75,6.75,6.4,6251,42193.8,7-MAY-2001,
MARALOVER,EQ,17.15,18.5,17,17.65,17.55,18.25,7062,124888.3,7-MAY-2001,
MARDIACHEM,EQ,3.65,3.65,3.3,3.3,3.3,3.3,600,2090,7-MAY-2001,
MARICOIND,BE,221.1,230,221.1,228.05,228.05,229.9,769,173095.25,7-MAY-2001,
MASCOT,EQ,112,113.65,112,113.65,113.65,105.2,6006,679235.05,7-MAY-2001,
MASTEK,EQ,87.7,91,86.7,87.8,88.8,87.3,49264,4417441.65,7-MAY-2001,
MASTERSHAR,EQ,12.45,12.6,12.4,12.4,12.4,12.5,81030,1010101.95,7-MAY-2001,
MAX,EQ,87.5,87.5,82.35,84.1,83.65,89.5,21058,1772680.2,7-MAY-2001,
MCDOWELL,EQ,38.5,39.85,38.5,39,39,38.6,58414,2296203.05,7-MAY-2001,
MEDIAVIDEO,BE,4.8,5,4.75,4.85,4.85,5,2156,10379.85,7-MAY-2001,
MEDICOTECH,EQ,16.95,17.3,14.65,15.9,16.5,16.3,3801,61082.9,7-MAY-2001,
MELSTAR,EQ,26.8,27.85,26,27,27,26.8,4510,121324.75,7-MAY-2001,
METROCHEM,EQ,7.95,8.5,7.95,8.5,8.5,5.8,300,2440,7-MAY-2001,
MICO,EQ,2450,2450,2400,2434,2434,2370.7,11,26684,7-MAY-2001,
MID-DAY,EQ,36.1,36.1,32.1,35.25,34.4,33.9,6625,234392.5,7-MAY-2001,
MIRCELECTR,EQ,478,490,474.8,489.05,490,479.9,3065,1483616,7-MAY-2001,
MIRZATAN,EQ,44.95,44.95,40.55,41.2,40.55,42.5,3702,153579.45,7-MAY-2001,
MMFORGINGS,EQ,49.75,51.05,49.75,51.05,51.05,48,510,25670.5,7-MAY-2001,
MODIRUBBER,EQ,56.5,57.5,56.5,56.5,56.5,56,1106,62595,7-MAY-2001,
MONNETISPA,BE,18.45,18.45,18.45,18.45,18.45,12,100,1845,7-MAY-2001,
MONNETISPA,EQ,14.15,15.5,14.15,15,15,14.75,4800,72300,7-MAY-2001,
MONSANTO,EQ,829.7,841.85,807,826.55,826.75,815.05,618,510618.75,7-MAY-2001,
MORARJESPG,EQ,5.4,5.4,5.4,5.4,5.4,5,500,2700,7-MAY-2001,
MOREPENHTL,EQ,105.35,106.1,101.8,104.75,105.15,104.8,11198,1162257.05,7-MAY-2001,
MOREPENLAB,BE,86,87,83.9,84.35,85,84.95,61376,5211383,7-MAY-2001,
MORGANSTAN,BE,8.25,8.3,8.2,8.2,8.2,8.25,85500,706065,7-MAY-2001,
MOSERBAER,EQ,253.25,262.7,253,259.5,259.6,250.45,92786,23891879.35,7-MAY-2001,
MOTHERSUMI,EQ,108,108,100,100.55,100,100.05,193,19415,7-MAY-2001,
MRF,EQ,640.3,649.7,630,642.65,640,652,537,343395.35,7-MAY-2001,
MRO-TEK,EQ,20.5,21.2,20.05,20.25,20.05,20.8,4745,97880.5,7-MAY-2001,
MRPL,BE,7.85,7.9,7,7.3,7.25,7.45,22800,168177,7-MAY-2001,
MTAL,EQ,5.7,5.7,5.5,5.5,5.5,5.35,400,2205.5,7-MAY-2001,
MTNL,EQ,149.5,152.3,145.45,146.8,146.4,148.6,347941,51772387.65,7-MAY-2001,
MUKAND,EQ,9.5,10.55,9.5,10,10,9.65,1876,18967,7-MAY-2001,
MUKANDENGG,EQ,20.2,21,20.2,21,21,21.6,62,1278.8,7-MAY-2001,
MUKTAARTS,EQ,106.8,113,106.1,108.9,108.8,105.35,13617,1487915.05,7-MAY-2001,
MUNJALSHOW,EQ,65,65,65,65,65,64,2,130,7-MAY-2001,
MYSORECEM,EQ,8.9,9,8.6,8.6,8.6,8.8,4064,36085,7-MAY-2001,
NAGARCONST,EQ,14.8,15,14.8,15,15,15.25,3440,51370,7-MAY-2001,
NAGARFERT,EQ,7.2,7.4,7.2,7.3,7.25,7.35,29993,218756.65,7-MAY-2001,
NAGPURENG,EQ,2.75,2.75,2.75,2.75,2.75,3.95,224,616,7-MAY-2001,
NAGREKAEXP,EQ,10,10,10,10,10,10.4,200,2000,7-MAY-2001,
NAHAREXP,EQ,14.6,15.1,14.6,14.85,14.85,14.5,1246,18566.2,7-MAY-2001,
NAHARINTL,EQ,2.5,2.65,2.5,2.65,2.65,3.05,290,740,7-MAY-2001,
NAHARSPG,EQ,51,51.4,50.5,51.4,51.4,50.9,2370,120845.85,7-MAY-2001,
NARMDCHEMA,EQ,9.5,9.5,9.15,9.25,9.25,9.55,1845,17271.25,7-MAY-2001,
NATHSEEDS,EQ,29.35,29.5,28.6,28.75,28.9,28.75,62132,1801528.2,7-MAY-2001,
NATIONALUM,EQ,61.35,61.35,59.35,60,60,60.1,66667,4002385.9,7-MAY-2001,
NATNLSTEEL,EQ,2.5,2.5,2.5,2.5,2.5,2.6,2200,5500,7-MAY-2001,
NAVBARFERO,EQ,14,14,14,14,14,14,2080,29120,7-MAY-2001,
NAVNETPUBL,BE,150.25,153,150,151,151,153,4030,604853,7-MAY-2001,
NEDUNGBANK,EQ,48,48,46.4,47.55,47.5,47.5,1331,63046.4,7-MAY-2001,
NELCO,EQ,10.1,11.25,10.1,10.45,10.45,10.55,5375,58422.5,7-MAY-2001,
NEOCURTHER,EQ,1.4,1.55,1.2,1.25,1.2,1.4,12103,15831.75,7-MAY-2001,
NEPCAGRO,EQ,1.8,1.8,1.7,1.7,1.7,1.8,215,365.6,7-MAY-2001,
NEPCMICON,EQ,1.95,2,1.85,1.95,1.95,1.9,7003,13465.85,7-MAY-2001,
NESTLE,EQ,541.9,541.9,520,526.45,528.45,538.9,18691,9884766.6,7-MAY-2001,
NETVISTAIT,BE,2.95,3,2.8,2.95,2.8,4,358,1057.4,7-MAY-2001,
NEULANDLAB,EQ,41,41,41,41,41,41.9,50,2050,7-MAY-2001,
NEYVELILIG,EQ,9,9.2,8.9,9.15,9.2,8.95,12872,116330.2,7-MAY-2001,
NICOLASPIR,EQ,289.95,293,287.1,287.85,287.4,285.55,2765,799693.55,7-MAY-2001,
NIIT,EQ,369.1,397.9,368.9,389.3,386.4,372.75,1250033,486064543.55,7-MAY-2001,
NILKAMPLST,EQ,25.55,26,25.3,25.35,25.3,25.5,2200,56442.5,7-MAY-2001,
NIPPOBATRY,EQ,158.25,158.25,158.25,158.25,158.25,154,1,158.25,7-MAY-2001,
NIPPONDENR,EQ,2.5,2.7,2.3,2.7,2.7,2.75,2894,7054.9,7-MAY-2001,
NIPPONDENS,EQ,10.75,10.75,9.7,9.7,9.7,10.05,164746,1607044.1,7-MAY-2001,
NIRLON,EQ,1.35,1.35,1.35,1.35,1.35,1.5,30,40.5,7-MAY-2001,
NIRMA,EQ,432.05,436,430,433.8,433.45,431.5,6605,2853038.15,7-MAY-2001,
NOCIL,EQ,11,11.7,10.9,11.5,11.6,10.75,236176,2690155.75,7-MAY-2001,
NOVAPETRO,EQ,51.9,51.9,47.15,50,50,49.6,3592,178696.4,7-MAY-2001,
NOVARTIND,EQ,270,304.9,269,301.65,304,275.1,43351,12899786.75,7-MAY-2001,
NRBBEARING,EQ,38.5,38.5,38.5,38.5,38.5,35.8,200,7700,7-MAY-2001,
NRC,EQ,2.35,2.35,2.35,2.35,2.35,2.85,1250,2937.5,7-MAY-2001,
NUCHEM,EQ,2.25,2.25,1.85,1.9,1.9,1.85,1301,2507.3,7-MAY-2001,
OENCONNECT,EQ,102,102.25,100.3,101.35,101.8,102,505,51177.5,7-MAY-2001,
OILCOUNTUB,EQ,6.6,7.15,6.35,7.15,7.15,6.8,3351,22534.65,7-MAY-2001,
ONGC,EQ,140,140,138.8,138.95,139,139.55,2274,316799.3,7-MAY-2001,
ONWARDTEC,EQ,33.4,35.8,33.4,35.25,35.1,34.65,5689,199818.9,7-MAY-2001,
ORCHIDCHEM,BE,70.55,72,70.5,71.05,71.5,70.5,3515,249883.75,7-MAY-2001,
ORIENTBANK,EQ,40.3,40.7,40.15,40.25,40.35,40.1,22725,916959.3,7-MAY-2001,
ORIENTHOT,EQ,62.1,66.5,62.1,66.4,66.4,63.1,91,6037.6,7-MAY-2001,
ORIENTINFO,EQ,52.7,55.35,52,54.45,55,51.4,119406,6445204.6,7-MAY-2001,
ORIENTPPR,EQ,17.35,17.4,17.35,17.4,17.4,17,253,4397.2,7-MAY-2001,
ORISSACEM,EQ,44.2,47.15,43,47.15,47.15,43.7,6799,305400.35,7-MAY-2001,
OSWALAGRO,EQ,2.75,3.1,2.6,2.9,2.9,2.9,7475,21761.3,7-MAY-2001,
OTIS,EQ,189,198,189,198,198,183.55,915,178162,7-MAY-2001,
P&G,EQ,582.1,585,575,580.5,579,580.1,757,439707.35,7-MAY-2001,
PADMINPOLY,EQ,11.8,12.15,11.65,11.7,11.7,11.6,451670,5310275.55,7-MAY-2001,
PANACEABIO,EQ,432.15,444,432.15,439.5,439.5,430.9,827,363174.35,7-MAY-2001,
PAPERPROD,EQ,40.25,42.95,40,42.5,42.5,42.45,1325,56096.25,7-MAY-2001,
PAREKHPLAT,EQ,18.15,18.65,18,18.3,18.35,18.25,4674,85685.8,7-MAY-2001,
PARKEDAVIS,EQ,159,159.5,155.2,156,156,155.7,2893,453020.15,7-MAY-2001,
PATSPINLTD,EQ,4.95,5.5,4.95,5.5,5.5,5.8,110,550,7-MAY-2001,
PDUMJEPULP,EQ,17,17,17,17,17,16.75,50,850,7-MAY-2001,
PEACOCKIND,EQ,3.8,3.8,3.6,3.65,3.6,3.65,2200,8165,7-MAY-2001,
PEARLENGIN,EQ,1.5,1.5,1.5,1.5,1.5,1.3,600,900,7-MAY-2001,
PEARLGLOBL,EQ,8.25,8.75,8.25,8.75,8.75,8.15,1200,10375,7-MAY-2001,
PEERLESHIP,EQ,30.9,31,30,30,30,30.2,4651,141476,7-MAY-2001,
PENNARALUM,EQ,1.7,1.8,1.65,1.65,1.65,1.8,6452,11083.35,7-MAY-2001,
PENTACOMMU,BE,74.7,77,74.7,75.35,74.7,73.45,13273,1004224.9,7-MAY-2001,
PENTSFWARE,EQ,91.15,95.4,90,93.7,93.75,89.8,5806736,543900582.85,7-MAY-2001,
PETRONENGG,EQ,11.55,11.7,11.55,11.7,11.7,11.9,400,4650,7-MAY-2001,
PFIZER,EQ,526,526,505,510,508.5,519.25,4046,2072183.15,7-MAY-2001,
PHILCORP,EQ,9.15,9.15,9.15,9.15,9.15,9.1,200,1830,7-MAY-2001,
PHILIPCARB,EQ,10.1,10.2,10,10,10,7.1,250,2532.5,7-MAY-2001,
PHILIPS,EQ,54,55.8,54,54.4,54.3,54.2,3805,207516.8,7-MAY-2001,
PHOENIXLMP,EQ,3.35,3.35,3.35,3.35,3.35,3.1,500,1675,7-MAY-2001,
PHOENXINTL,EQ,7.45,7.45,6.25,7.35,7.35,6.8,126,828.85,7-MAY-2001,
PIDILITIND,EQ,169,169.9,162,162.6,163.2,166.05,4106,673098.6,7-MAY-2001,
PNBGILTS,EQ,17.65,17.7,17.15,17.25,17.25,17.55,6950,120405,7-MAY-2001,
PNC,EQ,31.5,31.9,30.1,31.9,31.9,29.5,5306,167479.3,7-MAY-2001,
POLARIS,EQ,315,334,308.4,329.2,327.2,305.85,71799,23124042.55,7-MAY-2001,
POLYCHEM,EQ,1.4,1.4,1.4,1.4,1.4,1.25,465,651,7-MAY-2001,
POLYPLEX,BE,18.85,19,18.5,18.9,18.9,19,2250,42472.5,7-MAY-2001,
POLYPLEX,EQ,18.5,18.55,18,18.55,18.55,18.2,5900,108220,7-MAY-2001,
PRAKASH,EQ,1.45,1.45,1.45,1.45,1.45,1.5,1000,1450,7-MAY-2001,
PRECWIRE,EQ,13,13,13,13,13,13,10,130,7-MAY-2001,
PREMAUTO,EQ,3.4,3.5,3.4,3.5,3.5,3.4,181,626.2,7-MAY-2001,
PREMAUTOEL,EQ,2.4,2.4,2.05,2.05,2.05,2.5,232,479.1,7-MAY-2001,
PREMINSTR,EQ,99,99,99,99,99,105,3000,297000,7-MAY-2001,
PRIMESEC,EQ,4,4.1,4,4.1,4.1,4.05,3700,14900,7-MAY-2001,
PRISMCEM,BE,5.05,5.25,5,5.2,5.15,5,39949,205214.85,7-MAY-2001,
PRIYADCEM,EQ,15.95,16,15.2,15.25,15.3,15.7,1700,26360,7-MAY-2001,
PSIDATASYS,EQ,102.9,105,99.65,101.1,101.5,99.85,44591,4541721.05,7-MAY-2001,
PSLHOLD,EQ,21.7,21.7,21.2,21.2,21.2,21.05,1500,31930,7-MAY-2001,
PUNANDLAMP,EQ,88.9,89.1,88.9,89.1,89.1,84,60,5344,7-MAY-2001,
PUNJABCHEM,EQ,26.85,26.85,26.85,26.85,26.85,28,1,26.85,7-MAY-2001,
PUNJABTRAC,EQ,200,201.75,198.4,199.95,199.2,200.7,2701,539559.9,7-MAY-2001,
PUNJCOMMU,EQ,41,42.5,41,41.5,41.25,40.95,9140,382626.7,7-MAY-2001,
RADICOKHAI,EQ,22,22,21.2,21.2,21.2,21.55,1100,23675,7-MAY-2001,
RAINCALCIN,EQ,6.3,6.5,6.25,6.45,6.4,6.1,21966,139651.55,7-MAY-2001,
RAJASSPG,EQ,14.55,14.55,14.55,14.55,14.55,15.4,32,465.6,7-MAY-2001,
RAJSREESUG,EQ,8,8,7.9,8,8,8,2300,18380,7-MAY-2001,
RALLIS,EQ,35.75,35.75,34.5,34.5,34.5,33.25,200,7062.5,7-MAY-2001,
RAMANEWSPR,EQ,4.45,4.75,4.4,4.6,4.6,4.6,12510,57707.6,7-MAY-2001,
RAMCOIND,EQ,114,125,114,125,125,117.3,1600,192935,7-MAY-2001,
RAMCOSYS,EQ,276.25,282,268,280.45,278.5,277.6,4877,1357026.35,7-MAY-2001,
RANBAXY,EQ,478.5,481.45,470.1,473,472.15,473.85,79714,37956535.3,7-MAY-2001,
RANEBRAKE,EQ,48.5,49,48.5,49,49,46.1,131,6369,7-MAY-2001,
RANEMADRAS,EQ,26,26,26,26,26,26.5,100,2600,7-MAY-2001,
RASLAMIPAK,EQ,2.8,2.9,2.75,2.8,2.75,2.8,1300,3675,7-MAY-2001,
RAYMOND,EQ,105.9,105.9,103.1,104.35,105,104.75,16543,1727873.65,7-MAY-2001,
RAYMONDSYN,EQ,3.35,3.35,3.35,3.35,3.35,3.35,700,2345,7-MAY-2001,
RCF,EQ,6,6,5.75,5.85,5.85,5.8,9351,54308.3,7-MAY-2001,
RECKCOLMAN,EQ,188.3,191.3,185,186.05,186.65,187.7,20669,3878558.25,7-MAY-2001,
REGENCERAM,EQ,12,12.15,12,12.05,12.05,11.85,5090,61278.5,7-MAY-2001,
RELCAPITAL,EQ,61,62.65,61,61.55,61.45,60.65,345407,21374743.85,7-MAY-2001,
RELIANCE,EQ,343,347.4,339.55,340.9,341.4,343.7,1124575,386410576.7,7-MAY-2001,
RELPETRO,EQ,48.85,49.15,48.15,48.25,48.25,48.6,1997188,97083844.45,7-MAY-2001,
RELPETRO,W4,47.5,47.8,46.4,46.8,47,46.95,4800,225715,7-MAY-2001,
RHONEPOULN,EQ,469.5,469.5,462.1,462.6,462.1,465.2,2082,965517.05,7-MAY-2001,
RIIL,EQ,36.5,38.1,36.5,37.2,36.95,36,7151,266209.65,7-MAY-2001,
ROLTA,EQ,77.5,78.9,76.5,77.25,77.05,76.3,589831,45815047.65,7-MAY-2001,
ROOFITIND,EQ,109,109,105.5,105.5,105.5,106,235,24899.2,7-MAY-2001,
RPGTELECOM,EQ,16.05,16.6,16,16.45,16.5,15.9,2176,35574.8,7-MAY-2001,
RSSOFTWARE,EQ,65.9,67.9,65.25,65.75,65.65,64.65,15519,1030045.15,7-MAY-2001,
RUCHISOYA,EQ,29,29.8,28.95,29.05,29,30,750,21777,7-MAY-2001,
RUPANGIMPX,EQ,1.95,1.95,1.35,1.35,1.35,1.5,3001,4351.95,7-MAY-2001,
S&SPOWER,EQ,3.5,3.5,3.3,3.4,3.3,3.9,6,20.4,7-MAY-2001,
SABERORGAN,EQ,4.5,4.5,4.5,4.5,4.5,3,1,4.5,7-MAY-2001,
SAELTD,EQ,5.6,6.35,5.6,6.2,6.2,6.45,112,694.7,7-MAY-2001,
SAIL,EQ,5.8,5.85,5.75,5.75,5.75,5.75,557407,3238160.35,7-MAY-2001,
SAITELE,BE,175.4,175.4,175.4,175.4,175.4,175.4,1,175.4,7-MAY-2001,
SAKHTISUG,EQ,5.1,5.1,4.5,4.6,4.5,5,2300,11100,7-MAY-2001,
SALORAINTL,EQ,18.5,18.6,18.1,18.6,18.6,18.65,8164,150876.2,7-MAY-2001,
SAMTEL,EQ,16.65,17.25,16.65,17,17,16.95,12729,217417.2,7-MAY-2001,
SANDESH,EQ,69.25,70.5,68.4,70.5,70.5,69,651,45002.75,7-MAY-2001,
SANDVIKAS,EQ,823.25,829.9,823.25,829.9,829.9,821,6,4946.15,7-MAY-2001,
SANGAMIND,EQ,10,10,10,10,10,9.5,101,1010,7-MAY-2001,
SATNAMOVER,EQ,17,17,17,17,17,17.1,920,15640,7-MAY-2001,
SATYAMCOMP,EQ,221.8,229.95,221,224.7,224.8,220.2,11862603,2684842298.75,7-MAY-2001,
SAURASHCEM,EQ,11.25,11.25,11.25,11.25,11.25,11.55,100,1125,7-MAY-2001,
SAWPIPES,EQ,111.75,115.25,109,115.25,115.25,106.7,347474,39648708.75,7-MAY-2001,
SB&TINTL,EQ,18.5,18.9,18.15,18.85,18.85,18.15,138000,2578930,7-MAY-2001,
SBBJ,EQ,297,297,297,297,297,289,5,1485,7-MAY-2001,
SBIHOMEFIN,EQ,6.5,6.5,6.5,6.5,6.5,6.1,200,1300,7-MAY-2001,
SBIN,EQ,228.95,237,227.5,231.95,231.95,225.2,1408673,326511988.45,7-MAY-2001,
SCI,EQ,38,38.5,37.5,37.95,37.9,37.45,227729,8672769.1,7-MAY-2001,
SCINTSOFT,EQ,0.95,1,0.95,0.95,0.95,0.9,19944,19052.95,7-MAY-2001,
SEARCHEMIN,EQ,3.45,3.45,3.4,3.4,3.4,4,800,2725,7-MAY-2001,
SEARLEIND,EQ,34.05,35.1,33.55,34.5,34.5,35,1223,42513.5,7-MAY-2001,
SESAGOA,EQ,58.5,58.55,56.3,56.95,57,57.65,6723,386115.3,7-MAY-2001,
SESHAPAPER,EQ,20.45,23,20.4,22.05,22.05,21.65,1675,36953.8,7-MAY-2001,
SHAKTIGAS,EQ,1.9,2,1.55,1.6,1.6,1.9,121610,201840.8,7-MAY-2001,
SHAMKNFAB,EQ,21,22,21,22,22,19.9,365,7715,7-MAY-2001,
SHAMKNSPIN,EQ,10,10.4,9.25,9.25,9.45,9.75,36500,356710,7-MAY-2001,
SHANTIGEAR,EQ,43,44,42.5,42.5,42.5,43.5,800,34800,7-MAY-2001,
SHASUNCHEM,EQ,38.6,41,38.6,41,41,39.9,1185,47560,7-MAY-2001,
SHREECEM,BE,36.2,36.2,34.95,35,35,36.2,8305,291344.75,7-MAY-2001,
SHREEKRPET,EQ,13.2,13.2,12.5,12.55,12.9,12.5,1073,13563.9,7-MAY-2001,
SHREEKRPOL,EQ,4.1,4.1,3.4,3.5,3.5,3.45,2852,9952.9,7-MAY-2001,
SHREERAMA,EQ,35,36,35,35.3,35.3,35.1,1543,55048.75,7-MAY-2001,
SHRENUJ,EQ,40.45,40.9,39.3,40.9,40.9,39,385,15317.8,7-MAY-2001,
SHRMHONDA,EQ,58.65,58.7,58.65,58.7,58.7,58.8,100,5869.5,7-MAY-2001,
SHYAMTELE,EQ,120.1,128,112.05,115.65,115.8,121.1,332947,40397962.1,7-MAY-2001,
SICAL,EQ,15.25,15.5,15.25,15.5,15.5,15.1,82,1267.5,7-MAY-2001,
SIEL,EQ,4,4,4,4,4,4.15,4150,16600,7-MAY-2001,
SIEMENS,EQ,211.3,214.7,203.2,204.75,204.7,207.15,122202,25396660.95,7-MAY-2001,
SIERRAOPT,EQ,70.15,70.15,66,66.5,66,71.15,5261,360823.6,7-MAY-2001,
SILTAPCHEM,EQ,60,61.75,59.55,61.75,61.75,59.15,3335,200248.25,7-MAY-2001,
SILVERLINE,EQ,86.9,93.25,86.9,91.15,90.6,86.5,5186185,472033567.55,7-MAY-2001,
SIRPAPER,EQ,27.8,27.8,27.45,27.5,27.5,28,700,19325,7-MAY-2001,
SIYARSILK,EQ,37.75,38.5,37.75,38,38,38.15,406,15416,7-MAY-2001,
SKFBEARING,EQ,306,315,306,315,315,306.55,81,24932.5,7-MAY-2001,
SKUMARSYNF,EQ,5.9,6.25,5.8,6.25,6.25,6.2,2300,13590,7-MAY-2001,
SKUPOWER,EQ,3.9,4.65,3.9,4.6,4.55,3.85,21108,91735.9,7-MAY-2001,
SMDYECHEM,EQ,1.45,1.55,1.3,1.45,1.35,1.4,531,751.4,7-MAY-2001,
SMITHKLPHA,EQ,186.05,189,186.05,187,187.6,187.25,917,172016.95,7-MAY-2001,
SMITKLBECH,EQ,375.15,378.5,375.15,377,377,379.45,7662,2895422.85,7-MAY-2001,
SNOWCEMIND,EQ,42.95,42.95,41.8,41.8,41.8,42.2,32100,1352310.3,7-MAY-2001,
SOFFIASOFT,EQ,42.7,42.7,40.75,41.3,41.75,41.65,22663,940236.85,7-MAY-2001,
SOFTPRO,EQ,8,8,7.45,7.45,7.45,8.05,425,3235,7-MAY-2001,
SOFTSOLINT,BE,560.9,564,560.9,564,564,1438,10000,5629700,7-MAY-2001,
SOFTSOLINT,EQ,538.9,574.9,530,559.05,556,533,999364,559732000.8,7-MAY-2001,
SOFTTECHGR,EQ,44.6,44.8,41.5,43.75,44.8,43.55,4543,194362.75,7-MAY-2001,
SONASTEER,EQ,34,34,29.5,32.9,32.9,32,666,20241.5,7-MAY-2001,
SONATSOFTW,EQ,23.8,24.5,22.25,22.7,22.95,23.65,466636,10923911.55,7-MAY-2001,
SOUNDCRAFT,EQ,505,508,503.5,507.35,505.95,505,10331,5235040.1,7-MAY-2001,
SOUTHBANK,EQ,33,33,32.5,32.8,32.6,33.05,10500,344857.75,7-MAY-2001,
SOUTHNHERB,EQ,9.45,9.8,9,9.35,9.5,9,2462,23255,7-MAY-2001,
SPECIALSTL,EQ,18.8,20.5,18.8,20.5,20.5,18.75,180,3554,7-MAY-2001,
SPIC,EQ,8.4,8.7,8.4,8.5,8.5,8.55,3152,26966.3,7-MAY-2001,
SPICELEC,EQ,5.15,5.15,4.15,4.5,4.5,4.35,804,3593.25,7-MAY-2001,
SPICFINE,EQ,28.95,29.25,28,28.35,28.2,28.3,15160,433613.15,7-MAY-2001,
SPLLTD,EQ,23.95,24,23.95,24,24,22.45,150,3598.75,7-MAY-2001,
SQRDSFWARE,AE,96.3,96.3,96.3,96.3,96.3,101,100,9630,7-MAY-2001,
SQRDSFWARE,EQ,94.5,99.65,94.5,96.5,96.25,93.5,5474766,532314389.35,7-MAY-2001,
SQUAREDBIO,EQ,42.4,43.7,42.15,42.65,42.45,41.65,1188385,50989910.15,7-MAY-2001,
SREINTFIN,EQ,6.1,6.1,6.1,6.1,6.1,6.1,400,2440,7-MAY-2001,
SRF,EQ,14.8,14.85,14.2,14.45,14.45,14.6,3450,50490,7-MAY-2001,
SRGINFOTEC,EQ,0.2,0.2,0.15,0.2,0.2,0.2,62581,12214.6,7-MAY-2001,
SRIADIKARI,BE,70.15,74.8,70.1,73.15,72.75,71,15599,1135417.3,7-MAY-2001,
SRICHAKTYR,EQ,29.95,29.95,29.5,29.5,29.5,29.7,325,9598.75,7-MAY-2001,
SRIVISHCEM,EQ,59.5,62.5,59.5,60,60,59.5,155,9400,7-MAY-2001,
SRTRANSFIN,EQ,6.2,6.2,6.2,6.2,6.2,6.3,700,4340,7-MAY-2001,
STAR,EQ,71,71,70.1,70.1,70.1,76,83,5875,7-MAY-2001,
STDIND,EQ,3.2,3.25,3.2,3.2,3.2,3.4,5300,17020,7-MAY-2001,
STERLINTEA,EQ,71.5,72.25,69.5,71.8,72.25,70.1,1877,133045.9,7-MAY-2001,
STERLITIND,EQ,118,127.7,115.5,124.85,125,121.85,402315,49531283.65,7-MAY-2001,
STROPTICAL,EQ,374,390,372,377.3,375.85,370.65,330871,126185645.35,7-MAY-2001,
SUBHASPROJ,EQ,37.75,37.75,37.75,37.75,37.75,35,1,37.75,7-MAY-2001,
SUBROS,EQ,22.9,22.9,22.5,22.9,22.9,22.5,200,4562,7-MAY-2001,
SULZER,EQ,74,74,74,74,74,79.9,65,4810,7-MAY-2001,
SUMANMOTEL,EQ,5.45,5.45,3.25,3.55,3.55,3.65,1202,4339.3,7-MAY-2001,
SUNDARMFIN,EQ,85,85,84.1,84.1,84.1,86,215,18095,7-MAY-2001,
SUNDRMBRAK,EQ,106.75,106.75,106.75,106.75,106.75,113.4,50,5337.5,7-MAY-2001,
SUNDRMCLAY,BE,60,60.1,60,60.1,60.1,60,21,1260.5,7-MAY-2001,
SUNDRMFAST,EQ,206,206.5,203,203,203,205.95,315,64692.5,7-MAY-2001,
SUNEARTH,EQ,87.85,87.85,87.85,87.85,87.85,86.75,1,87.85,7-MAY-2001,
SUNFLAGIRN,EQ,3,3.15,3,3.05,3.15,3,7206,21787,7-MAY-2001,
SUNPHARMA,EQ,610,629,596,624.8,622,606.85,50196,30955031.65,7-MAY-2001,
SUPPETRO,EQ,6.7,6.7,6.4,6.5,6.6,6.4,4351,28466.7,7-MAY-2001,
SUPREMEIND,EQ,49.8,49.8,48,49.25,49.45,48.1,978,47937.75,7-MAY-2001,
SURAJDIAMN,EQ,10.8,10.85,10.5,10.55,10.5,10.5,3155,33626.2,7-MAY-2001,
SURYAROSNI,EQ,12.7,14,12.7,13.95,13.95,13.4,1836,24961.7,7-MAY-2001,
SURYCOTMIL,EQ,10.7,14.55,10.7,13.7,13.7,9.75,400,4965,7-MAY-2001,
SUTLEJINDS,EQ,34.5,34.5,34.5,34.5,34.5,34.5,100,3450,7-MAY-2001,
SWARAJENG,EQ,234,234,229,229.15,232,228,1833,421745.5,7-MAY-2001,
SWARAJMAZD,EQ,25.75,25.75,24.45,24.45,24.45,24.1,500,12370,7-MAY-2001,
SYNDIBANK,EQ,9.3,9.4,9.25,9.3,9.3,9.35,28242,262722.25,7-MAY-2001,
TAJGVK,EQ,53,53,52,52,52,52,500,26100,7-MAY-2001,
TANFAC,EQ,10.45,10.5,10.45,10.5,10.5,10,300,3140,7-MAY-2001,
TATACHEM,EQ,41.1,41.4,40.35,40.45,40.6,40.35,112251,4573347.3,7-MAY-2001,
TATAELXSI,EQ,72.95,75,72.8,73.45,73.5,72.25,117919,8709170.5,7-MAY-2001,
TATAFIN,EQ,30,30.2,29.75,30,29.9,29.6,21485,644036.25,7-MAY-2001,
TATAHONEY,EQ,113.05,118,113,117.95,118,115.1,385,44747.5,7-MAY-2001,
TATAMETALI,EQ,8.45,9.1,8.45,8.75,8.5,8.35,2060,17626.5,7-MAY-2001,
TATAPOWER,EQ,120.1,130,120,128.3,129.25,118.7,1060038,133107838,7-MAY-2001,
TATAPRESS,EQ,100,100,100,100,100,101.35,45,4500,7-MAY-2001,
TATATEA,EQ,215.9,218.5,215.2,216.1,216.05,214.65,83131,18023311.6,7-MAY-2001,
TATATELECM,EQ,49.5,50.75,49.15,49.55,49.3,49.75,7826,391181.05,7-MAY-2001,
TATATIMKEN,EQ,25.8,26,25.2,25.85,25.85,25.2,371,9474.85,7-MAY-2001,
TATAUNISYS,BE,106.55,110,106.1,109.7,110,108,1751,189424.4,7-MAY-2001,
TATAVASHIS,EQ,13,13.6,12.75,13,13,12.9,8266,107847.5,7-MAY-2001,
TATAYODOGA,EQ,28,28,28,28,28,28,50,1400,7-MAY-2001,
TEIL,EQ,15.05,15.05,15.05,15.05,15.05,15,66,993.3,7-MAY-2001,
TELCO,EQ,75,75.9,73.1,73.45,73.35,74.5,304232,22731481.2,7-MAY-2001,
TFCILTD,EQ,6.9,6.9,6.9,6.9,6.9,6.9,1300,8970,7-MAY-2001,
THERMAX,EQ,58.25,59.65,58,58.55,58.55,57.25,30753,1811170.25,7-MAY-2001,
THOMASCOOK,EQ,198.4,198.5,191.2,196.45,197,193.9,3050,599142.15,7-MAY-2001,
TIMEXWATCH,EQ,9.25,9.45,9.05,9.45,9.45,9.25,2899,26807.2,7-MAY-2001,
TIPSINDLTD,EQ,59,61.75,57.75,58.9,58.9,57.75,40473,2402562.45,7-MAY-2001,
TIRUMALCHM,EQ,26.5,28,26.5,27.95,28,26.8,1150,31935,7-MAY-2001,
TISCO,BE,141,141,141,141,141,141.8,25000,3525000,7-MAY-2001,
TISCO,EQ,138.45,141.2,136.8,137.4,137.4,136.8,1368843,190649947.55,7-MAY-2001,
TITAN,EQ,41.75,42.3,41,41.2,41.75,41.35,6203,259625.4,7-MAY-2001,
TITANOCOMP,EQ,6.85,6.85,5.25,5.6,5.6,5.8,105,554.75,7-MAY-2001,
TNPETRO,EQ,16.2,16.35,16.1,16.25,16.25,16.1,3550,57572.45,7-MAY-2001,
TNPL,EQ,29.3,30.25,28.4,30.05,30,28.1,48545,1428912.05,7-MAY-2001,
TORNTPHARM,BE,101.5,104,101.5,103.1,103.8,101.7,395,40625.25,7-MAY-2001,
TORRENGUJ,EQ,9.4,9.4,8.3,8.7,8.7,8.8,11700,99673.3,7-MAY-2001,
TRAFALHSE,EQ,105,112,105,106.9,106.85,105.7,235,25141.5,7-MAY-2001,
TRANSCHEM,EQ,3.25,3.65,3.25,3.5,3.5,3.4,1301,4478.65,7-MAY-2001,
TRANSPEK,EQ,11.25,13.5,11.25,13.5,13.5,11,1001,11263.5,7-MAY-2001,
TUBEINVEST,EQ,47.8,48,47.5,48,48,48.05,1447,69191.75,7-MAY-2001,
TV18,EQ,86.5,90.55,86,88.05,88,85.45,54417,4818438.25,7-MAY-2001,
TVS-SUZUKI,EQ,92.9,92.9,90.2,90.6,90.95,89.6,9614,875443.55,7-MAY-2001,
TVSELEC,EQ,32.6,32.95,31.9,32.55,32.95,32.15,15418,498482.1,7-MAY-2001,
UBENGG,EQ,5.2,5.2,5.05,5.1,5.05,5.85,200,1022.5,7-MAY-2001,
UCALFUEL,EQ,47,47.25,45.4,45.85,45.4,47.15,4520,209867.95,7-MAY-2001,
ULTRMARINE,EQ,50,52.9,49,52.9,52.9,50,11,547.9,7-MAY-2001,
UMITL,EQ,7.5,8.35,7.5,8,8,7.4,119103,951097,7-MAY-2001,
UNICHEMLAB,BE,149,150,149,150,150,151.95,916,137300,7-MAY-2001,
UNIFLEX,EQ,12.25,14,12.25,13.4,13.35,14,2600,34652.5,7-MAY-2001,
UNIONCARBI,EQ,17.5,17.85,17.05,17.8,17.8,17.15,784,13643.45,7-MAY-2001,
UNITECH,EQ,32,33.45,32,32.25,32.25,32,3002,97318.15,7-MAY-2001,
UNITEDBREW,EQ,101,101.25,100,100.9,100.85,100.1,6759,679941.3,7-MAY-2001,
UNITEDPHOS,EQ,37.3,39,36,38.35,38.35,36.7,121853,4652377.6,7-MAY-2001,
UNIVCABLES,EQ,9.5,9.5,9.5,9.5,9.5,9,50,475,7-MAY-2001,
UNIWESTBNK,EQ,32,32.5,31.8,32.5,32.5,32.05,1360,43565.8,7-MAY-2001,
USHABEL,EQ,29,31,28.2,30.25,30.45,28.1,40513,1216625.95,7-MAY-2001,
USHAINDIA,EQ,4.65,4.9,4.1,4.25,4.1,4.4,8360,35831.6,7-MAY-2001,
UTIBANK,EQ,34.45,34.45,30.5,31.7,31.5,33.15,257463,8274867,7-MAY-2001,
VAMORGANIC,EQ,59.05,61,59.05,59.15,59.15,59.2,451,26746,7-MAY-2001,
VANADYCHEM,EQ,28.35,29.8,28.35,28.85,28.85,29,390,11321.5,7-MAY-2001,
VARDHMNSPG,EQ,36,37.45,36,37.45,37.45,36,1482,53892,7-MAY-2001,
VARDMNPOLY,EQ,31.25,31.25,31,31,31,31.1,3041,94718.5,7-MAY-2001,
VARUNSHIP,EQ,13,13.5,12.85,13.4,13.5,12.85,19097,251733.85,7-MAY-2001,
VDOCONAPPL,EQ,7.5,7.9,7.5,7.85,7.9,7.7,3051,23837.9,7-MAY-2001,
VDOCONINTL,EQ,25.2,25.65,25.15,25.25,25.25,24.95,55155,1398925.3,7-MAY-2001,
VESUVIUS,EQ,34.7,36.5,33.5,35,35,33.85,4710,165769,7-MAY-2001,
VIJAYABANK,EQ,7.3,7.5,7.3,7.4,7.4,7.45,12019,89645.6,7-MAY-2001,
VIKASWSP,EQ,23.3,23.6,22.75,22.9,22.8,23,511098,11769181.1,7-MAY-2001,
VINDHYATEL,EQ,54,55.7,54,55,55,55,4080,224703,7-MAY-2001,
VINTAGE,EQ,30.5,30.5,29.6,29.6,30.2,29.15,101,3035.2,7-MAY-2001,
VINYLCHEM,EQ,8.5,8.5,8.5,8.5,8.5,8.5,500,4250,7-MAY-2001,
VIPIND,EQ,19,19.05,18.65,18.7,18.7,19,1679,31773.1,7-MAY-2001,
VISAKAIND,EQ,12.3,13.25,12.25,12.85,12.8,13.05,2190,28053,7-MAY-2001,
VISESHINFO,EQ,21.5,21.5,19.65,20,20,21.35,1552,31484.45,7-MAY-2001,
VISIONLTD,EQ,134.5,137,134.5,135.25,135.5,135.25,15100,2040413.3,7-MAY-2001,
VISUALSOFT,BE,183.95,191,182.85,187.25,186.1,178.6,10252,1905143.9,7-MAY-2001,
VITALCOMM,EQ,25.9,25.9,25.9,25.9,25.9,23.95,2000,51800,7-MAY-2001,
VLSFINANCE,EQ,6.35,7.85,3.25,6.35,6.35,6.4,14198,68204.25,7-MAY-2001,
VOLTAS,EQ,39.75,40.5,39.2,39.9,39.7,39.05,8584,342410.8,7-MAY-2001,
VSNL,EQ,324.75,338.45,322.25,333.05,333,319.55,379781,126297640.05,7-MAY-2001,
VSTIND,EQ,112.25,114.5,112.2,112.95,112.95,112,3112,354328,7-MAY-2001,
VXL,EQ,2.75,2.9,2.75,2.75,2.75,2.75,2753,7880.75,7-MAY-2001,
VXLINSTR,EQ,25,25,24.1,24.75,24.75,25.35,2246,55031.5,7-MAY-2001,
VYSYABANK,EQ,108.05,110.95,108.05,110.45,110.5,109.8,1376,151312.75,7-MAY-2001,
WARRENTEA,EQ,85,85,81.5,84.8,84.8,84.4,52,4244.8,7-MAY-2001,
WARTSILA,EQ,73.95,73.95,72.5,73.4,73.6,72.25,38550,2819900.6,7-MAY-2001,
WEIZMANIND,EQ,4.45,4.45,4.45,4.45,4.45,4.45,150,667.5,7-MAY-2001,
WELLWININD,EQ,18.1,18.25,17.8,18,18,17.75,3602,65135.7,7-MAY-2001,
WESTERNBIO,EQ,2.4,2.4,2.1,2.2,2.2,2.2,4,8.8,7-MAY-2001,
WESTHATCH,EQ,43.5,43.5,41.8,43,43.1,43.45,6284,264497.6,7-MAY-2001,
WIDIA,EQ,50.25,51.85,50.2,51.85,51.85,50.25,440,22124.5,7-MAY-2001,
WIMCO,EQ,6.5,6.85,6.5,6.65,6.65,6.55,3291,22124.2,7-MAY-2001,
WIMPLAST,EQ,33,33,33,33,33,32.1,300,9900,7-MAY-2001,
WIPRO,EQ,1664,1755,1664,1725.75,1712,1651.45,841630,1449980061.55,7-MAY-2001,
WOCKLIFE,EQ,14.35,14.35,13.6,14.1,14.1,13.85,7673,107668.15,7-MAY-2001,
WOCKPHARMA,EQ,394.5,395,390.75,393.55,393.2,391.85,11773,4625603.1,7-MAY-2001,
WSTCSTPAPR,EQ,52.95,52.95,51.75,52,52,52.75,1391,72534.2,7-MAY-2001,
WYETHLEDE,EQ,222.15,230,222.15,229,229,226.45,385,87412.7,7-MAY-2001,
YOKOGAWA,EQ,30.5,31.2,30.2,31.1,31.2,30.2,1650,50880,7-MAY-2001,
ZANDUPHARM,EQ,2095,2125,2080,2125,2125,2071.35,3,6300,7-MAY-2001,
ZEETELE,EQ,97,102.95,97,100.05,99.55,96.45,5059982,510338506.5,7-MAY-2001,
ZENITHCOMP,EQ,16.95,16.95,16.95,16.95,16.95,16.1,210,3559.5,7-MAY-2001,
ZENITHINFO,EQ,22.4,25,22.4,22.65,22.65,23.15,2792,65739.45,7-MAY-2001,
ZODIACLOTH,EQ,38.05,39.8,38.05,38.6,38.6,39.9,604,23390.45,7-MAY-2001,
ZODJRDMKJ,EQ,8.5,8.5,8.5,8.5,8.5,10.75,200,1700,7-MAY-2001,
ZUARIAGRO,EQ,21.25,21.7,21,21.25,21.05,21.1,20502,436641.25,7-MAY-2001,
